-- --------------------------------------------------------
-- Host:                         127.0.0.1
-- Server version:               10.4.28-MariaDB - mariadb.org binary distribution
-- Server OS:                    Win64
-- HeidiSQL Version:             12.5.0.6677
-- --------------------------------------------------------

/*!40101 SET @OLD_CHARACTER_SET_CLIENT=@@CHARACTER_SET_CLIENT */;
/*!40101 SET NAMES utf8 */;
/*!50503 SET NAMES utf8mb4 */;
/*!40103 SET @OLD_TIME_ZONE=@@TIME_ZONE */;
/*!40103 SET TIME_ZONE='+00:00' */;
/*!40014 SET @OLD_FOREIGN_KEY_CHECKS=@@FOREIGN_KEY_CHECKS, FOREIGN_KEY_CHECKS=0 */;
/*!40101 SET @OLD_SQL_MODE=@@SQL_MODE, SQL_MODE='NO_AUTO_VALUE_ON_ZERO' */;
/*!40111 SET @OLD_SQL_NOTES=@@SQL_NOTES, SQL_NOTES=0 */;


-- Dumping database structure for doan
CREATE DATABASE IF NOT EXISTS `doan` /*!40100 DEFAULT CHARACTER SET utf8mb4 COLLATE utf8mb4_general_ci */;
USE `doan`;

-- Dumping structure for table doan.brands
CREATE TABLE IF NOT EXISTS `brands` (
  `brand_id` tinyint(3) unsigned NOT NULL AUTO_INCREMENT,
  `brand_name` varchar(50) NOT NULL,
  `brand_keyword` text NOT NULL,
  `brand_description` text NOT NULL,
  `created_at` timestamp NULL DEFAULT NULL,
  `updated_at` timestamp NULL DEFAULT NULL,
  PRIMARY KEY (`brand_id`)
) ENGINE=InnoDB AUTO_INCREMENT=3 DEFAULT CHARSET=utf8mb4 COLLATE=utf8mb4_unicode_ci;

-- Dumping data for table doan.brands: ~2 rows (approximately)
REPLACE INTO `brands` (`brand_id`, `brand_name`, `brand_keyword`, `brand_description`, `created_at`, `updated_at`) VALUES
	(1, 'Phụ kiện', 'Phụ kiện', 'Phụ kiện', '2021-12-19 12:53:39', '2021-12-19 12:53:39'),
	(2, 'Điện thoại', 'Điện thoại', 'Điện thoại', '2021-12-19 12:53:53', '2021-12-19 12:53:53');

-- Dumping structure for table doan.categorys
CREATE TABLE IF NOT EXISTS `categorys` (
  `category_id` tinyint(3) unsigned NOT NULL AUTO_INCREMENT,
  `category_name` varchar(50) NOT NULL,
  `category_keyword` text NOT NULL,
  `category_description` text NOT NULL,
  `created_at` timestamp NULL DEFAULT NULL,
  `updated_at` timestamp NULL DEFAULT NULL,
  PRIMARY KEY (`category_id`)
) ENGINE=InnoDB AUTO_INCREMENT=7 DEFAULT CHARSET=utf8mb4 COLLATE=utf8mb4_unicode_ci;

-- Dumping data for table doan.categorys: ~4 rows (approximately)
REPLACE INTO `categorys` (`category_id`, `category_name`, `category_keyword`, `category_description`, `created_at`, `updated_at`) VALUES
	(1, 'Điện thoại OPPO', 'OPPO', 'OPPO', '2021-12-19 12:56:44', '2021-12-19 12:56:44'),
	(4, 'Điện thoại Xiaome', 'Xiaome', 'Điện thoại Xiaome', '2021-12-19 12:58:04', '2023-10-23 00:33:16'),
	(5, 'Điện thoại SamSung', 'SamSung', 'Điện thoại SamSung', '2021-12-19 12:58:37', '2023-10-23 00:32:02'),
	(6, 'Apple Việt Nam', 'IPHONE', 'Iphone', '2021-12-20 13:01:29', '2023-12-07 04:25:47');

-- Dumping structure for table doan.citys
CREATE TABLE IF NOT EXISTS `citys` (
  `city_id` int(11) NOT NULL,
  `city_name` varchar(100) NOT NULL,
  `city_type` varchar(50) NOT NULL,
  PRIMARY KEY (`city_id`)
) ENGINE=InnoDB DEFAULT CHARSET=utf8mb4 COLLATE=utf8mb4_unicode_ci;

-- Dumping data for table doan.citys: ~63 rows (approximately)
REPLACE INTO `citys` (`city_id`, `city_name`, `city_type`) VALUES
	(1, 'Thành phố Hà Nội', 'Thành phố Trung ương'),
	(2, 'Tỉnh Hà Giang', 'Tỉnh'),
	(4, 'Tỉnh Cao Bằng', 'Tỉnh'),
	(6, 'Tỉnh Bắc Kạn', 'Tỉnh'),
	(8, 'Tỉnh Tuyên Quang', 'Tỉnh'),
	(10, 'Tỉnh Lào Cai', 'Tỉnh'),
	(11, 'Tỉnh Điện Biên', 'Tỉnh'),
	(12, 'Tỉnh Lai Châu', 'Tỉnh'),
	(14, 'Tỉnh Sơn La', 'Tỉnh'),
	(15, 'Tỉnh Yên Bái', 'Tỉnh'),
	(17, 'Tỉnh Hoà Bình', 'Tỉnh'),
	(19, 'Tỉnh Thái Nguyên', 'Tỉnh'),
	(20, 'Tỉnh Lạng Sơn', 'Tỉnh'),
	(22, 'Tỉnh Quảng Ninh', 'Tỉnh'),
	(24, 'Tỉnh Bắc Giang', 'Tỉnh'),
	(25, 'Tỉnh Phú Thọ', 'Tỉnh'),
	(26, 'Tỉnh Vĩnh Phúc', 'Tỉnh'),
	(27, 'Tỉnh Bắc Ninh', 'Tỉnh'),
	(30, 'Tỉnh Hải Dương', 'Tỉnh'),
	(31, 'Thành phố Hải Phòng', 'Thành phố Trung ương'),
	(33, 'Tỉnh Hưng Yên', 'Tỉnh'),
	(34, 'Tỉnh Thái Bình', 'Tỉnh'),
	(35, 'Tỉnh Hà Nam', 'Tỉnh'),
	(36, 'Tỉnh Nam Định', 'Tỉnh'),
	(37, 'Tỉnh Ninh Bình', 'Tỉnh'),
	(38, 'Tỉnh Thanh Hóa', 'Tỉnh'),
	(40, 'Tỉnh Nghệ An', 'Tỉnh'),
	(42, 'Tỉnh Hà Tĩnh', 'Tỉnh'),
	(44, 'Tỉnh Quảng Bình', 'Tỉnh'),
	(45, 'Tỉnh Quảng Trị', 'Tỉnh'),
	(46, 'Tỉnh Thừa Thiên Huế', 'Tỉnh'),
	(48, 'Thành phố Đà Nẵng', 'Thành phố Trung ương'),
	(49, 'Tỉnh Quảng Nam', 'Tỉnh'),
	(51, 'Tỉnh Quảng Ngãi', 'Tỉnh'),
	(52, 'Tỉnh Bình Định', 'Tỉnh'),
	(54, 'Tỉnh Phú Yên', 'Tỉnh'),
	(56, 'Tỉnh Khánh Hòa', 'Tỉnh'),
	(58, 'Tỉnh Ninh Thuận', 'Tỉnh'),
	(60, 'Tỉnh Bình Thuận', 'Tỉnh'),
	(62, 'Tỉnh Kon Tum', 'Tỉnh'),
	(64, 'Tỉnh Gia Lai', 'Tỉnh'),
	(66, 'Tỉnh Đắk Lắk', 'Tỉnh'),
	(67, 'Tỉnh Đắk Nông', 'Tỉnh'),
	(68, 'Tỉnh Lâm Đồng', 'Tỉnh'),
	(70, 'Tỉnh Bình Phước', 'Tỉnh'),
	(72, 'Tỉnh Tây Ninh', 'Tỉnh'),
	(74, 'Tỉnh Bình Dương', 'Tỉnh'),
	(75, 'Tỉnh Đồng Nai', 'Tỉnh'),
	(77, 'Tỉnh Bà Rịa - Vũng Tàu', 'Tỉnh'),
	(79, 'Thành phố Hồ Chí Minh', 'Thành phố Trung ương'),
	(80, 'Tỉnh Long An', 'Tỉnh'),
	(82, 'Tỉnh Tiền Giang', 'Tỉnh'),
	(83, 'Tỉnh Bến Tre', 'Tỉnh'),
	(84, 'Tỉnh Trà Vinh', 'Tỉnh'),
	(86, 'Tỉnh Vĩnh Long', 'Tỉnh'),
	(87, 'Tỉnh Đồng Tháp', 'Tỉnh'),
	(89, 'Tỉnh An Giang', 'Tỉnh'),
	(91, 'Tỉnh Kiên Giang', 'Tỉnh'),
	(92, 'Thành phố Cần Thơ', 'Thành phố Trung ương'),
	(93, 'Tỉnh Hậu Giang', 'Tỉnh'),
	(94, 'Tỉnh Sóc Trăng', 'Tỉnh'),
	(95, 'Tỉnh Bạc Liêu', 'Tỉnh'),
	(96, 'Tỉnh Cà Mau', 'Tỉnh');

-- Dumping structure for table doan.comments
CREATE TABLE IF NOT EXISTS `comments` (
  `comment_id` bigint(20) unsigned NOT NULL AUTO_INCREMENT,
  `user_id` int(11) DEFAULT NULL,
  `product_id` int(11) DEFAULT NULL,
  `comment_customer` varchar(255) DEFAULT NULL,
  `comment_admin` varchar(255) DEFAULT NULL,
  `comment_rating` int(11) DEFAULT NULL,
  `comment_status` int(11) NOT NULL,
  `created_at` timestamp NULL DEFAULT NULL,
  `updated_at` timestamp NULL DEFAULT NULL,
  PRIMARY KEY (`comment_id`),
  KEY `comments_user_id_foreign` (`user_id`),
  KEY `comments_product_id_foreign` (`product_id`),
  CONSTRAINT `comments_product_id_foreign` FOREIGN KEY (`product_id`) REFERENCES `products` (`product_id`) ON DELETE CASCADE,
  CONSTRAINT `comments_user_id_foreign` FOREIGN KEY (`user_id`) REFERENCES `users` (`user_id`) ON DELETE CASCADE
) ENGINE=InnoDB AUTO_INCREMENT=4 DEFAULT CHARSET=utf8mb4 COLLATE=utf8mb4_unicode_ci;

-- Dumping data for table doan.comments: ~3 rows (approximately)
REPLACE INTO `comments` (`comment_id`, `user_id`, `product_id`, `comment_customer`, `comment_admin`, `comment_rating`, `comment_status`, `created_at`, `updated_at`) VALUES
	(1, 29, 3, 'sản phẩm tốt', NULL, 5, 3, '2023-12-03 01:48:06', '2023-12-27 19:57:34'),
	(2, 29, 19, 'đẹp', NULL, 5, 3, '2023-12-27 20:08:29', '2023-12-27 20:09:02'),
	(3, 29, 18, 'tốt', NULL, 5, 3, '2023-12-27 20:08:49', '2023-12-27 20:08:58');

-- Dumping structure for table doan.coupons
CREATE TABLE IF NOT EXISTS `coupons` (
  `coupon_id` bigint(20) unsigned NOT NULL AUTO_INCREMENT,
  `coupon_name` varchar(50) NOT NULL,
  `coupon_code` varchar(50) NOT NULL,
  `coupon_value` int(11) NOT NULL,
  `coupon_status` int(11) NOT NULL,
  `coupon_expiry` date NOT NULL,
  `user_id` varchar(255) DEFAULT NULL,
  `created_at` timestamp NULL DEFAULT NULL,
  `updated_at` timestamp NULL DEFAULT NULL,
  PRIMARY KEY (`coupon_id`)
) ENGINE=InnoDB AUTO_INCREMENT=2 DEFAULT CHARSET=utf8mb4 COLLATE=utf8mb4_unicode_ci;

-- Dumping data for table doan.coupons: ~1 rows (approximately)
REPLACE INTO `coupons` (`coupon_id`, `coupon_name`, `coupon_code`, `coupon_value`, `coupon_status`, `coupon_expiry`, `user_id`, `created_at`, `updated_at`) VALUES
	(1, 'Chào bạn mới', 'BANMOI', 12, 1, '2023-12-08', NULL, '2023-12-07 08:45:39', '2023-12-07 08:45:39');

-- Dumping structure for table doan.districts
CREATE TABLE IF NOT EXISTS `districts` (
  `district_id` int(11) NOT NULL,
  `district_name` varchar(100) NOT NULL,
  `district_type` varchar(50) NOT NULL,
  `city_id` int(11) NOT NULL,
  PRIMARY KEY (`district_id`)
) ENGINE=InnoDB DEFAULT CHARSET=utf8mb4 COLLATE=utf8mb4_unicode_ci;

-- Dumping data for table doan.districts: ~713 rows (approximately)
REPLACE INTO `districts` (`district_id`, `district_name`, `district_type`, `city_id`) VALUES
	(1, 'Quận Ba Đình', 'Quận', 1),
	(2, 'Quận Hoàn Kiếm', 'Quận', 1),
	(3, 'Quận Tây Hồ', 'Quận', 1),
	(4, 'Quận Long Biên', 'Quận', 1),
	(5, 'Quận Cầu Giấy', 'Quận', 1),
	(6, 'Quận Đống Đa', 'Quận', 1),
	(7, 'Quận Hai Bà Trưng', 'Quận', 1),
	(8, 'Quận Hoàng Mai', 'Quận', 1),
	(9, 'Quận Thanh Xuân', 'Quận', 1),
	(16, 'Huyện Sóc Sơn', 'Huyện', 1),
	(17, 'Huyện Đông Anh', 'Huyện', 1),
	(18, 'Huyện Gia Lâm', 'Huyện', 1),
	(19, 'Quận Nam Từ Liêm', 'Quận', 1),
	(20, 'Huyện Thanh Trì', 'Huyện', 1),
	(21, 'Quận Bắc Từ Liêm', 'Quận', 1),
	(24, 'Thành phố Hà Giang', 'Thành phố', 2),
	(26, 'Huyện Đồng Văn', 'Huyện', 2),
	(27, 'Huyện Mèo Vạc', 'Huyện', 2),
	(28, 'Huyện Yên Minh', 'Huyện', 2),
	(29, 'Huyện Quản Bạ', 'Huyện', 2),
	(30, 'Huyện Vị Xuyên', 'Huyện', 2),
	(31, 'Huyện Bắc Mê', 'Huyện', 2),
	(32, 'Huyện Hoàng Su Phì', 'Huyện', 2),
	(33, 'Huyện Xín Mần', 'Huyện', 2),
	(34, 'Huyện Bắc Quang', 'Huyện', 2),
	(35, 'Huyện Quang Bình', 'Huyện', 2),
	(40, 'Thành phố Cao Bằng', 'Thành phố', 4),
	(42, 'Huyện Bảo Lâm', 'Huyện', 4),
	(43, 'Huyện Bảo Lạc', 'Huyện', 4),
	(44, 'Huyện Thông Nông', 'Huyện', 4),
	(45, 'Huyện Hà Quảng', 'Huyện', 4),
	(46, 'Huyện Trà Lĩnh', 'Huyện', 4),
	(47, 'Huyện Trùng Khánh', 'Huyện', 4),
	(48, 'Huyện Hạ Lang', 'Huyện', 4),
	(49, 'Huyện Quảng Uyên', 'Huyện', 4),
	(50, 'Huyện Phục Hoà', 'Huyện', 4),
	(51, 'Huyện Hoà An', 'Huyện', 4),
	(52, 'Huyện Nguyên Bình', 'Huyện', 4),
	(53, 'Huyện Thạch An', 'Huyện', 4),
	(58, 'Thành Phố Bắc Kạn', 'Thành phố', 6),
	(60, 'Huyện Pác Nặm', 'Huyện', 6),
	(61, 'Huyện Ba Bể', 'Huyện', 6),
	(62, 'Huyện Ngân Sơn', 'Huyện', 6),
	(63, 'Huyện Bạch Thông', 'Huyện', 6),
	(64, 'Huyện Chợ Đồn', 'Huyện', 6),
	(65, 'Huyện Chợ Mới', 'Huyện', 6),
	(66, 'Huyện Na Rì', 'Huyện', 6),
	(70, 'Thành phố Tuyên Quang', 'Thành phố', 8),
	(71, 'Huyện Lâm Bình', 'Huyện', 8),
	(72, 'Huyện Nà Hang', 'Huyện', 8),
	(73, 'Huyện Chiêm Hóa', 'Huyện', 8),
	(74, 'Huyện Hàm Yên', 'Huyện', 8),
	(75, 'Huyện Yên Sơn', 'Huyện', 8),
	(76, 'Huyện Sơn Dương', 'Huyện', 8),
	(80, 'Thành phố Lào Cai', 'Thành phố', 10),
	(82, 'Huyện Bát Xát', 'Huyện', 10),
	(83, 'Huyện Mường Khương', 'Huyện', 10),
	(84, 'Huyện Si Ma Cai', 'Huyện', 10),
	(85, 'Huyện Bắc Hà', 'Huyện', 10),
	(86, 'Huyện Bảo Thắng', 'Huyện', 10),
	(87, 'Huyện Bảo Yên', 'Huyện', 10),
	(88, 'Huyện Sa Pa', 'Huyện', 10),
	(89, 'Huyện Văn Bàn', 'Huyện', 10),
	(94, 'Thành phố Điện Biên Phủ', 'Thành phố', 11),
	(95, 'Thị Xã Mường Lay', 'Thị xã', 11),
	(96, 'Huyện Mường Nhé', 'Huyện', 11),
	(97, 'Huyện Mường Chà', 'Huyện', 11),
	(98, 'Huyện Tủa Chùa', 'Huyện', 11),
	(99, 'Huyện Tuần Giáo', 'Huyện', 11),
	(100, 'Huyện Điện Biên', 'Huyện', 11),
	(101, 'Huyện Điện Biên Đông', 'Huyện', 11),
	(102, 'Huyện Mường Ảng', 'Huyện', 11),
	(103, 'Huyện Nậm Pồ', 'Huyện', 11),
	(105, 'Thành phố Lai Châu', 'Thành phố', 12),
	(106, 'Huyện Tam Đường', 'Huyện', 12),
	(107, 'Huyện Mường Tè', 'Huyện', 12),
	(108, 'Huyện Sìn Hồ', 'Huyện', 12),
	(109, 'Huyện Phong Thổ', 'Huyện', 12),
	(110, 'Huyện Than Uyên', 'Huyện', 12),
	(111, 'Huyện Tân Uyên', 'Huyện', 12),
	(112, 'Huyện Nậm Nhùn', 'Huyện', 12),
	(116, 'Thành phố Sơn La', 'Thành phố', 14),
	(118, 'Huyện Quỳnh Nhai', 'Huyện', 14),
	(119, 'Huyện Thuận Châu', 'Huyện', 14),
	(120, 'Huyện Mường La', 'Huyện', 14),
	(121, 'Huyện Bắc Yên', 'Huyện', 14),
	(122, 'Huyện Phù Yên', 'Huyện', 14),
	(123, 'Huyện Mộc Châu', 'Huyện', 14),
	(124, 'Huyện Yên Châu', 'Huyện', 14),
	(125, 'Huyện Mai Sơn', 'Huyện', 14),
	(126, 'Huyện Sông Mã', 'Huyện', 14),
	(127, 'Huyện Sốp Cộp', 'Huyện', 14),
	(128, 'Huyện Vân Hồ', 'Huyện', 14),
	(132, 'Thành phố Yên Bái', 'Thành phố', 15),
	(133, 'Thị xã Nghĩa Lộ', 'Thị xã', 15),
	(135, 'Huyện Lục Yên', 'Huyện', 15),
	(136, 'Huyện Văn Yên', 'Huyện', 15),
	(137, 'Huyện Mù Căng Chải', 'Huyện', 15),
	(138, 'Huyện Trấn Yên', 'Huyện', 15),
	(139, 'Huyện Trạm Tấu', 'Huyện', 15),
	(140, 'Huyện Văn Chấn', 'Huyện', 15),
	(141, 'Huyện Yên Bình', 'Huyện', 15),
	(148, 'Thành phố Hòa Bình', 'Thành phố', 17),
	(150, 'Huyện Đà Bắc', 'Huyện', 17),
	(151, 'Huyện Kỳ Sơn', 'Huyện', 17),
	(152, 'Huyện Lương Sơn', 'Huyện', 17),
	(153, 'Huyện Kim Bôi', 'Huyện', 17),
	(154, 'Huyện Cao Phong', 'Huyện', 17),
	(155, 'Huyện Tân Lạc', 'Huyện', 17),
	(156, 'Huyện Mai Châu', 'Huyện', 17),
	(157, 'Huyện Lạc Sơn', 'Huyện', 17),
	(158, 'Huyện Yên Thủy', 'Huyện', 17),
	(159, 'Huyện Lạc Thủy', 'Huyện', 17),
	(164, 'Thành phố Thái Nguyên', 'Thành phố', 19),
	(165, 'Thành phố Sông Công', 'Thành phố', 19),
	(167, 'Huyện Định Hóa', 'Huyện', 19),
	(168, 'Huyện Phú Lương', 'Huyện', 19),
	(169, 'Huyện Đồng Hỷ', 'Huyện', 19),
	(170, 'Huyện Võ Nhai', 'Huyện', 19),
	(171, 'Huyện Đại Từ', 'Huyện', 19),
	(172, 'Thị xã Phổ Yên', 'Thị xã', 19),
	(173, 'Huyện Phú Bình', 'Huyện', 19),
	(178, 'Thành phố Lạng Sơn', 'Thành phố', 20),
	(180, 'Huyện Tràng Định', 'Huyện', 20),
	(181, 'Huyện Bình Gia', 'Huyện', 20),
	(182, 'Huyện Văn Lãng', 'Huyện', 20),
	(183, 'Huyện Cao Lộc', 'Huyện', 20),
	(184, 'Huyện Văn Quan', 'Huyện', 20),
	(185, 'Huyện Bắc Sơn', 'Huyện', 20),
	(186, 'Huyện Hữu Lũng', 'Huyện', 20),
	(187, 'Huyện Chi Lăng', 'Huyện', 20),
	(188, 'Huyện Lộc Bình', 'Huyện', 20),
	(189, 'Huyện Đình Lập', 'Huyện', 20),
	(193, 'Thành phố Hạ Long', 'Thành phố', 22),
	(194, 'Thành phố Móng Cái', 'Thành phố', 22),
	(195, 'Thành phố Cẩm Phả', 'Thành phố', 22),
	(196, 'Thành phố Uông Bí', 'Thành phố', 22),
	(198, 'Huyện Bình Liêu', 'Huyện', 22),
	(199, 'Huyện Tiên Yên', 'Huyện', 22),
	(200, 'Huyện Đầm Hà', 'Huyện', 22),
	(201, 'Huyện Hải Hà', 'Huyện', 22),
	(202, 'Huyện Ba Chẽ', 'Huyện', 22),
	(203, 'Huyện Vân Đồn', 'Huyện', 22),
	(204, 'Huyện Hoành Bồ', 'Huyện', 22),
	(205, 'Thị xã Đông Triều', 'Thị xã', 22),
	(206, 'Thị xã Quảng Yên', 'Thị xã', 22),
	(207, 'Huyện Cô Tô', 'Huyện', 22),
	(213, 'Thành phố Bắc Giang', 'Thành phố', 24),
	(215, 'Huyện Yên Thế', 'Huyện', 24),
	(216, 'Huyện Tân Yên', 'Huyện', 24),
	(217, 'Huyện Lạng Giang', 'Huyện', 24),
	(218, 'Huyện Lục Nam', 'Huyện', 24),
	(219, 'Huyện Lục Ngạn', 'Huyện', 24),
	(220, 'Huyện Sơn Động', 'Huyện', 24),
	(221, 'Huyện Yên Dũng', 'Huyện', 24),
	(222, 'Huyện Việt Yên', 'Huyện', 24),
	(223, 'Huyện Hiệp Hòa', 'Huyện', 24),
	(227, 'Thành phố Việt Trì', 'Thành phố', 25),
	(228, 'Thị xã Phú Thọ', 'Thị xã', 25),
	(230, 'Huyện Đoan Hùng', 'Huyện', 25),
	(231, 'Huyện Hạ Hoà', 'Huyện', 25),
	(232, 'Huyện Thanh Ba', 'Huyện', 25),
	(233, 'Huyện Phù Ninh', 'Huyện', 25),
	(234, 'Huyện Yên Lập', 'Huyện', 25),
	(235, 'Huyện Cẩm Khê', 'Huyện', 25),
	(236, 'Huyện Tam Nông', 'Huyện', 25),
	(237, 'Huyện Lâm Thao', 'Huyện', 25),
	(238, 'Huyện Thanh Sơn', 'Huyện', 25),
	(239, 'Huyện Thanh Thuỷ', 'Huyện', 25),
	(240, 'Huyện Tân Sơn', 'Huyện', 25),
	(243, 'Thành phố Vĩnh Yên', 'Thành phố', 26),
	(244, 'Thị xã Phúc Yên', 'Thị xã', 26),
	(246, 'Huyện Lập Thạch', 'Huyện', 26),
	(247, 'Huyện Tam Dương', 'Huyện', 26),
	(248, 'Huyện Tam Đảo', 'Huyện', 26),
	(249, 'Huyện Bình Xuyên', 'Huyện', 26),
	(250, 'Huyện Mê Linh', 'Huyện', 1),
	(251, 'Huyện Yên Lạc', 'Huyện', 26),
	(252, 'Huyện Vĩnh Tường', 'Huyện', 26),
	(253, 'Huyện Sông Lô', 'Huyện', 26),
	(256, 'Thành phố Bắc Ninh', 'Thành phố', 27),
	(258, 'Huyện Yên Phong', 'Huyện', 27),
	(259, 'Huyện Quế Võ', 'Huyện', 27),
	(260, 'Huyện Tiên Du', 'Huyện', 27),
	(261, 'Thị xã Từ Sơn', 'Thị xã', 27),
	(262, 'Huyện Thuận Thành', 'Huyện', 27),
	(263, 'Huyện Gia Bình', 'Huyện', 27),
	(264, 'Huyện Lương Tài', 'Huyện', 27),
	(268, 'Quận Hà Đông', 'Quận', 1),
	(269, 'Thị xã Sơn Tây', 'Thị xã', 1),
	(271, 'Huyện Ba Vì', 'Huyện', 1),
	(272, 'Huyện Phúc Thọ', 'Huyện', 1),
	(273, 'Huyện Đan Phượng', 'Huyện', 1),
	(274, 'Huyện Hoài Đức', 'Huyện', 1),
	(275, 'Huyện Quốc Oai', 'Huyện', 1),
	(276, 'Huyện Thạch Thất', 'Huyện', 1),
	(277, 'Huyện Chương Mỹ', 'Huyện', 1),
	(278, 'Huyện Thanh Oai', 'Huyện', 1),
	(279, 'Huyện Thường Tín', 'Huyện', 1),
	(280, 'Huyện Phú Xuyên', 'Huyện', 1),
	(281, 'Huyện Ứng Hòa', 'Huyện', 1),
	(282, 'Huyện Mỹ Đức', 'Huyện', 1),
	(288, 'Thành phố Hải Dương', 'Thành phố', 30),
	(290, 'Thị xã Chí Linh', 'Thị xã', 30),
	(291, 'Huyện Nam Sách', 'Huyện', 30),
	(292, 'Huyện Kinh Môn', 'Huyện', 30),
	(293, 'Huyện Kim Thành', 'Huyện', 30),
	(294, 'Huyện Thanh Hà', 'Huyện', 30),
	(295, 'Huyện Cẩm Giàng', 'Huyện', 30),
	(296, 'Huyện Bình Giang', 'Huyện', 30),
	(297, 'Huyện Gia Lộc', 'Huyện', 30),
	(298, 'Huyện Tứ Kỳ', 'Huyện', 30),
	(299, 'Huyện Ninh Giang', 'Huyện', 30),
	(300, 'Huyện Thanh Miện', 'Huyện', 30),
	(303, 'Quận Hồng Bàng', 'Quận', 31),
	(304, 'Quận Ngô Quyền', 'Quận', 31),
	(305, 'Quận Lê Chân', 'Quận', 31),
	(306, 'Quận Hải An', 'Quận', 31),
	(307, 'Quận Kiến An', 'Quận', 31),
	(308, 'Quận Đồ Sơn', 'Quận', 31),
	(309, 'Quận Dương Kinh', 'Quận', 31),
	(311, 'Huyện Thuỷ Nguyên', 'Huyện', 31),
	(312, 'Huyện An Dương', 'Huyện', 31),
	(313, 'Huyện An Lão', 'Huyện', 31),
	(314, 'Huyện Kiến Thuỵ', 'Huyện', 31),
	(315, 'Huyện Tiên Lãng', 'Huyện', 31),
	(316, 'Huyện Vĩnh Bảo', 'Huyện', 31),
	(317, 'Huyện Cát Hải', 'Huyện', 31),
	(318, 'Huyện Bạch Long Vĩ', 'Huyện', 31),
	(323, 'Thành phố Hưng Yên', 'Thành phố', 33),
	(325, 'Huyện Văn Lâm', 'Huyện', 33),
	(326, 'Huyện Văn Giang', 'Huyện', 33),
	(327, 'Huyện Yên Mỹ', 'Huyện', 33),
	(328, 'Huyện Mỹ Hào', 'Huyện', 33),
	(329, 'Huyện Ân Thi', 'Huyện', 33),
	(330, 'Huyện Khoái Châu', 'Huyện', 33),
	(331, 'Huyện Kim Động', 'Huyện', 33),
	(332, 'Huyện Tiên Lữ', 'Huyện', 33),
	(333, 'Huyện Phù Cừ', 'Huyện', 33),
	(336, 'Thành phố Thái Bình', 'Thành phố', 34),
	(338, 'Huyện Quỳnh Phụ', 'Huyện', 34),
	(339, 'Huyện Hưng Hà', 'Huyện', 34),
	(340, 'Huyện Đông Hưng', 'Huyện', 34),
	(341, 'Huyện Thái Thụy', 'Huyện', 34),
	(342, 'Huyện Tiền Hải', 'Huyện', 34),
	(343, 'Huyện Kiến Xương', 'Huyện', 34),
	(344, 'Huyện Vũ Thư', 'Huyện', 34),
	(347, 'Thành phố Phủ Lý', 'Thành phố', 35),
	(349, 'Huyện Duy Tiên', 'Huyện', 35),
	(350, 'Huyện Kim Bảng', 'Huyện', 35),
	(351, 'Huyện Thanh Liêm', 'Huyện', 35),
	(352, 'Huyện Bình Lục', 'Huyện', 35),
	(353, 'Huyện Lý Nhân', 'Huyện', 35),
	(356, 'Thành phố Nam Định', 'Thành phố', 36),
	(358, 'Huyện Mỹ Lộc', 'Huyện', 36),
	(359, 'Huyện Vụ Bản', 'Huyện', 36),
	(360, 'Huyện Ý Yên', 'Huyện', 36),
	(361, 'Huyện Nghĩa Hưng', 'Huyện', 36),
	(362, 'Huyện Nam Trực', 'Huyện', 36),
	(363, 'Huyện Trực Ninh', 'Huyện', 36),
	(364, 'Huyện Xuân Trường', 'Huyện', 36),
	(365, 'Huyện Giao Thủy', 'Huyện', 36),
	(366, 'Huyện Hải Hậu', 'Huyện', 36),
	(369, 'Thành phố Ninh Bình', 'Thành phố', 37),
	(370, 'Thành phố Tam Điệp', 'Thành phố', 37),
	(372, 'Huyện Nho Quan', 'Huyện', 37),
	(373, 'Huyện Gia Viễn', 'Huyện', 37),
	(374, 'Huyện Hoa Lư', 'Huyện', 37),
	(375, 'Huyện Yên Khánh', 'Huyện', 37),
	(376, 'Huyện Kim Sơn', 'Huyện', 37),
	(377, 'Huyện Yên Mô', 'Huyện', 37),
	(380, 'Thành phố Thanh Hóa', 'Thành phố', 38),
	(381, 'Thị xã Bỉm Sơn', 'Thị xã', 38),
	(382, 'Thị xã Sầm Sơn', 'Thị xã', 38),
	(384, 'Huyện Mường Lát', 'Huyện', 38),
	(385, 'Huyện Quan Hóa', 'Huyện', 38),
	(386, 'Huyện Bá Thước', 'Huyện', 38),
	(387, 'Huyện Quan Sơn', 'Huyện', 38),
	(388, 'Huyện Lang Chánh', 'Huyện', 38),
	(389, 'Huyện Ngọc Lặc', 'Huyện', 38),
	(390, 'Huyện Cẩm Thủy', 'Huyện', 38),
	(391, 'Huyện Thạch Thành', 'Huyện', 38),
	(392, 'Huyện Hà Trung', 'Huyện', 38),
	(393, 'Huyện Vĩnh Lộc', 'Huyện', 38),
	(394, 'Huyện Yên Định', 'Huyện', 38),
	(395, 'Huyện Thọ Xuân', 'Huyện', 38),
	(396, 'Huyện Thường Xuân', 'Huyện', 38),
	(397, 'Huyện Triệu Sơn', 'Huyện', 38),
	(398, 'Huyện Thiệu Hóa', 'Huyện', 38),
	(399, 'Huyện Hoằng Hóa', 'Huyện', 38),
	(400, 'Huyện Hậu Lộc', 'Huyện', 38),
	(401, 'Huyện Nga Sơn', 'Huyện', 38),
	(402, 'Huyện Như Xuân', 'Huyện', 38),
	(403, 'Huyện Như Thanh', 'Huyện', 38),
	(404, 'Huyện Nông Cống', 'Huyện', 38),
	(405, 'Huyện Đông Sơn', 'Huyện', 38),
	(406, 'Huyện Quảng Xương', 'Huyện', 38),
	(407, 'Huyện Tĩnh Gia', 'Huyện', 38),
	(412, 'Thành phố Vinh', 'Thành phố', 40),
	(413, 'Thị xã Cửa Lò', 'Thị xã', 40),
	(414, 'Thị xã Thái Hoà', 'Thị xã', 40),
	(415, 'Huyện Quế Phong', 'Huyện', 40),
	(416, 'Huyện Quỳ Châu', 'Huyện', 40),
	(417, 'Huyện Kỳ Sơn', 'Huyện', 40),
	(418, 'Huyện Tương Dương', 'Huyện', 40),
	(419, 'Huyện Nghĩa Đàn', 'Huyện', 40),
	(420, 'Huyện Quỳ Hợp', 'Huyện', 40),
	(421, 'Huyện Quỳnh Lưu', 'Huyện', 40),
	(422, 'Huyện Con Cuông', 'Huyện', 40),
	(423, 'Huyện Tân Kỳ', 'Huyện', 40),
	(424, 'Huyện Anh Sơn', 'Huyện', 40),
	(425, 'Huyện Diễn Châu', 'Huyện', 40),
	(426, 'Huyện Yên Thành', 'Huyện', 40),
	(427, 'Huyện Đô Lương', 'Huyện', 40),
	(428, 'Huyện Thanh Chương', 'Huyện', 40),
	(429, 'Huyện Nghi Lộc', 'Huyện', 40),
	(430, 'Huyện Nam Đàn', 'Huyện', 40),
	(431, 'Huyện Hưng Nguyên', 'Huyện', 40),
	(432, 'Thị xã Hoàng Mai', 'Thị xã', 40),
	(436, 'Thành phố Hà Tĩnh', 'Thành phố', 42),
	(437, 'Thị xã Hồng Lĩnh', 'Thị xã', 42),
	(439, 'Huyện Hương Sơn', 'Huyện', 42),
	(440, 'Huyện Đức Thọ', 'Huyện', 42),
	(441, 'Huyện Vũ Quang', 'Huyện', 42),
	(442, 'Huyện Nghi Xuân', 'Huyện', 42),
	(443, 'Huyện Can Lộc', 'Huyện', 42),
	(444, 'Huyện Hương Khê', 'Huyện', 42),
	(445, 'Huyện Thạch Hà', 'Huyện', 42),
	(446, 'Huyện Cẩm Xuyên', 'Huyện', 42),
	(447, 'Huyện Kỳ Anh', 'Huyện', 42),
	(448, 'Huyện Lộc Hà', 'Huyện', 42),
	(449, 'Thị xã Kỳ Anh', 'Thị xã', 42),
	(450, 'Thành Phố Đồng Hới', 'Thành phố', 44),
	(452, 'Huyện Minh Hóa', 'Huyện', 44),
	(453, 'Huyện Tuyên Hóa', 'Huyện', 44),
	(454, 'Huyện Quảng Trạch', 'Thị xã', 44),
	(455, 'Huyện Bố Trạch', 'Huyện', 44),
	(456, 'Huyện Quảng Ninh', 'Huyện', 44),
	(457, 'Huyện Lệ Thủy', 'Huyện', 44),
	(458, 'Thị xã Ba Đồn', 'Huyện', 44),
	(461, 'Thành phố Đông Hà', 'Thành phố', 45),
	(462, 'Thị xã Quảng Trị', 'Thị xã', 45),
	(464, 'Huyện Vĩnh Linh', 'Huyện', 45),
	(465, 'Huyện Hướng Hóa', 'Huyện', 45),
	(466, 'Huyện Gio Linh', 'Huyện', 45),
	(467, 'Huyện Đa Krông', 'Huyện', 45),
	(468, 'Huyện Cam Lộ', 'Huyện', 45),
	(469, 'Huyện Triệu Phong', 'Huyện', 45),
	(470, 'Huyện Hải Lăng', 'Huyện', 45),
	(471, 'Huyện Cồn Cỏ', 'Huyện', 45),
	(474, 'Thành phố Huế', 'Thành phố', 46),
	(476, 'Huyện Phong Điền', 'Huyện', 46),
	(477, 'Huyện Quảng Điền', 'Huyện', 46),
	(478, 'Huyện Phú Vang', 'Huyện', 46),
	(479, 'Thị xã Hương Thủy', 'Thị xã', 46),
	(480, 'Thị xã Hương Trà', 'Thị xã', 46),
	(481, 'Huyện A Lưới', 'Huyện', 46),
	(482, 'Huyện Phú Lộc', 'Huyện', 46),
	(483, 'Huyện Nam Đông', 'Huyện', 46),
	(490, 'Quận Liên Chiểu', 'Quận', 48),
	(491, 'Quận Thanh Khê', 'Quận', 48),
	(492, 'Quận Hải Châu', 'Quận', 48),
	(493, 'Quận Sơn Trà', 'Quận', 48),
	(494, 'Quận Ngũ Hành Sơn', 'Quận', 48),
	(495, 'Quận Cẩm Lệ', 'Quận', 48),
	(497, 'Huyện Hòa Vang', 'Huyện', 48),
	(498, 'Huyện Hoàng Sa', 'Huyện', 48),
	(502, 'Thành phố Tam Kỳ', 'Thành phố', 49),
	(503, 'Thành phố Hội An', 'Thành phố', 49),
	(504, 'Huyện Tây Giang', 'Huyện', 49),
	(505, 'Huyện Đông Giang', 'Huyện', 49),
	(506, 'Huyện Đại Lộc', 'Huyện', 49),
	(507, 'Thị xã Điện Bàn', 'Thị xã', 49),
	(508, 'Huyện Duy Xuyên', 'Huyện', 49),
	(509, 'Huyện Quế Sơn', 'Huyện', 49),
	(510, 'Huyện Nam Giang', 'Huyện', 49),
	(511, 'Huyện Phước Sơn', 'Huyện', 49),
	(512, 'Huyện Hiệp Đức', 'Huyện', 49),
	(513, 'Huyện Thăng Bình', 'Huyện', 49),
	(514, 'Huyện Tiên Phước', 'Huyện', 49),
	(515, 'Huyện Bắc Trà My', 'Huyện', 49),
	(516, 'Huyện Nam Trà My', 'Huyện', 49),
	(517, 'Huyện Núi Thành', 'Huyện', 49),
	(518, 'Huyện Phú Ninh', 'Huyện', 49),
	(519, 'Huyện Nông Sơn', 'Huyện', 49),
	(522, 'Thành phố Quảng Ngãi', 'Thành phố', 51),
	(524, 'Huyện Bình Sơn', 'Huyện', 51),
	(525, 'Huyện Trà Bồng', 'Huyện', 51),
	(526, 'Huyện Tây Trà', 'Huyện', 51),
	(527, 'Huyện Sơn Tịnh', 'Huyện', 51),
	(528, 'Huyện Tư Nghĩa', 'Huyện', 51),
	(529, 'Huyện Sơn Hà', 'Huyện', 51),
	(530, 'Huyện Sơn Tây', 'Huyện', 51),
	(531, 'Huyện Minh Long', 'Huyện', 51),
	(532, 'Huyện Nghĩa Hành', 'Huyện', 51),
	(533, 'Huyện Mộ Đức', 'Huyện', 51),
	(534, 'Huyện Đức Phổ', 'Huyện', 51),
	(535, 'Huyện Ba Tơ', 'Huyện', 51),
	(536, 'Huyện Lý Sơn', 'Huyện', 51),
	(540, 'Thành phố Qui Nhơn', 'Thành phố', 52),
	(542, 'Huyện An Lão', 'Huyện', 52),
	(543, 'Huyện Hoài Nhơn', 'Huyện', 52),
	(544, 'Huyện Hoài Ân', 'Huyện', 52),
	(545, 'Huyện Phù Mỹ', 'Huyện', 52),
	(546, 'Huyện Vĩnh Thạnh', 'Huyện', 52),
	(547, 'Huyện Tây Sơn', 'Huyện', 52),
	(548, 'Huyện Phù Cát', 'Huyện', 52),
	(549, 'Thị xã An Nhơn', 'Thị xã', 52),
	(550, 'Huyện Tuy Phước', 'Huyện', 52),
	(551, 'Huyện Vân Canh', 'Huyện', 52),
	(555, 'Thành phố Tuy Hoà', 'Thành phố', 54),
	(557, 'Thị xã Sông Cầu', 'Thị xã', 54),
	(558, 'Huyện Đồng Xuân', 'Huyện', 54),
	(559, 'Huyện Tuy An', 'Huyện', 54),
	(560, 'Huyện Sơn Hòa', 'Huyện', 54),
	(561, 'Huyện Sông Hinh', 'Huyện', 54),
	(562, 'Huyện Tây Hoà', 'Huyện', 54),
	(563, 'Huyện Phú Hoà', 'Huyện', 54),
	(564, 'Huyện Đông Hòa', 'Huyện', 54),
	(568, 'Thành phố Nha Trang', 'Thành phố', 56),
	(569, 'Thành phố Cam Ranh', 'Thành phố', 56),
	(570, 'Huyện Cam Lâm', 'Huyện', 56),
	(571, 'Huyện Vạn Ninh', 'Huyện', 56),
	(572, 'Thị xã Ninh Hòa', 'Thị xã', 56),
	(573, 'Huyện Khánh Vĩnh', 'Huyện', 56),
	(574, 'Huyện Diên Khánh', 'Huyện', 56),
	(575, 'Huyện Khánh Sơn', 'Huyện', 56),
	(576, 'Huyện Trường Sa', 'Huyện', 56),
	(582, 'Thành phố Phan Rang-Tháp Chàm', 'Thành phố', 58),
	(584, 'Huyện Bác Ái', 'Huyện', 58),
	(585, 'Huyện Ninh Sơn', 'Huyện', 58),
	(586, 'Huyện Ninh Hải', 'Huyện', 58),
	(587, 'Huyện Ninh Phước', 'Huyện', 58),
	(588, 'Huyện Thuận Bắc', 'Huyện', 58),
	(589, 'Huyện Thuận Nam', 'Huyện', 58),
	(593, 'Thành phố Phan Thiết', 'Thành phố', 60),
	(594, 'Thị xã La Gi', 'Thị xã', 60),
	(595, 'Huyện Tuy Phong', 'Huyện', 60),
	(596, 'Huyện Bắc Bình', 'Huyện', 60),
	(597, 'Huyện Hàm Thuận Bắc', 'Huyện', 60),
	(598, 'Huyện Hàm Thuận Nam', 'Huyện', 60),
	(599, 'Huyện Tánh Linh', 'Huyện', 60),
	(600, 'Huyện Đức Linh', 'Huyện', 60),
	(601, 'Huyện Hàm Tân', 'Huyện', 60),
	(602, 'Huyện Phú Quí', 'Huyện', 60),
	(608, 'Thành phố Kon Tum', 'Thành phố', 62),
	(610, 'Huyện Đắk Glei', 'Huyện', 62),
	(611, 'Huyện Ngọc Hồi', 'Huyện', 62),
	(612, 'Huyện Đắk Tô', 'Huyện', 62),
	(613, 'Huyện Kon Plông', 'Huyện', 62),
	(614, 'Huyện Kon Rẫy', 'Huyện', 62),
	(615, 'Huyện Đắk Hà', 'Huyện', 62),
	(616, 'Huyện Sa Thầy', 'Huyện', 62),
	(617, 'Huyện Tu Mơ Rông', 'Huyện', 62),
	(618, 'Huyện Ia H\' Drai', 'Huyện', 62),
	(622, 'Thành phố Pleiku', 'Thành phố', 64),
	(623, 'Thị xã An Khê', 'Thị xã', 64),
	(624, 'Thị xã Ayun Pa', 'Thị xã', 64),
	(625, 'Huyện KBang', 'Huyện', 64),
	(626, 'Huyện Đăk Đoa', 'Huyện', 64),
	(627, 'Huyện Chư Păh', 'Huyện', 64),
	(628, 'Huyện Ia Grai', 'Huyện', 64),
	(629, 'Huyện Mang Yang', 'Huyện', 64),
	(630, 'Huyện Kông Chro', 'Huyện', 64),
	(631, 'Huyện Đức Cơ', 'Huyện', 64),
	(632, 'Huyện Chư Prông', 'Huyện', 64),
	(633, 'Huyện Chư Sê', 'Huyện', 64),
	(634, 'Huyện Đăk Pơ', 'Huyện', 64),
	(635, 'Huyện Ia Pa', 'Huyện', 64),
	(637, 'Huyện Krông Pa', 'Huyện', 64),
	(638, 'Huyện Phú Thiện', 'Huyện', 64),
	(639, 'Huyện Chư Pưh', 'Huyện', 64),
	(643, 'Thành phố Buôn Ma Thuột', 'Thành phố', 66),
	(644, 'Thị Xã Buôn Hồ', 'Thị xã', 66),
	(645, 'Huyện Ea H\'leo', 'Huyện', 66),
	(646, 'Huyện Ea Súp', 'Huyện', 66),
	(647, 'Huyện Buôn Đôn', 'Huyện', 66),
	(648, 'Huyện Cư M\'gar', 'Huyện', 66),
	(649, 'Huyện Krông Búk', 'Huyện', 66),
	(650, 'Huyện Krông Năng', 'Huyện', 66),
	(651, 'Huyện Ea Kar', 'Huyện', 66),
	(652, 'Huyện M\'Đrắk', 'Huyện', 66),
	(653, 'Huyện Krông Bông', 'Huyện', 66),
	(654, 'Huyện Krông Pắc', 'Huyện', 66),
	(655, 'Huyện Krông A Na', 'Huyện', 66),
	(656, 'Huyện Lắk', 'Huyện', 66),
	(657, 'Huyện Cư Kuin', 'Huyện', 66),
	(660, 'Thị xã Gia Nghĩa', 'Thị xã', 67),
	(661, 'Huyện Đăk Glong', 'Huyện', 67),
	(662, 'Huyện Cư Jút', 'Huyện', 67),
	(663, 'Huyện Đắk Mil', 'Huyện', 67),
	(664, 'Huyện Krông Nô', 'Huyện', 67),
	(665, 'Huyện Đắk Song', 'Huyện', 67),
	(666, 'Huyện Đắk R\'Lấp', 'Huyện', 67),
	(667, 'Huyện Tuy Đức', 'Huyện', 67),
	(672, 'Thành phố Đà Lạt', 'Thành phố', 68),
	(673, 'Thành phố Bảo Lộc', 'Thành phố', 68),
	(674, 'Huyện Đam Rông', 'Huyện', 68),
	(675, 'Huyện Lạc Dương', 'Huyện', 68),
	(676, 'Huyện Lâm Hà', 'Huyện', 68),
	(677, 'Huyện Đơn Dương', 'Huyện', 68),
	(678, 'Huyện Đức Trọng', 'Huyện', 68),
	(679, 'Huyện Di Linh', 'Huyện', 68),
	(680, 'Huyện Bảo Lâm', 'Huyện', 68),
	(681, 'Huyện Đạ Huoai', 'Huyện', 68),
	(682, 'Huyện Đạ Tẻh', 'Huyện', 68),
	(683, 'Huyện Cát Tiên', 'Huyện', 68),
	(688, 'Thị xã Phước Long', 'Thị xã', 70),
	(689, 'Thị xã Đồng Xoài', 'Thị xã', 70),
	(690, 'Thị xã Bình Long', 'Thị xã', 70),
	(691, 'Huyện Bù Gia Mập', 'Huyện', 70),
	(692, 'Huyện Lộc Ninh', 'Huyện', 70),
	(693, 'Huyện Bù Đốp', 'Huyện', 70),
	(694, 'Huyện Hớn Quản', 'Huyện', 70),
	(695, 'Huyện Đồng Phú', 'Huyện', 70),
	(696, 'Huyện Bù Đăng', 'Huyện', 70),
	(697, 'Huyện Chơn Thành', 'Huyện', 70),
	(698, 'Huyện Phú Riềng', 'Huyện', 70),
	(703, 'Thành phố Tây Ninh', 'Thành phố', 72),
	(705, 'Huyện Tân Biên', 'Huyện', 72),
	(706, 'Huyện Tân Châu', 'Huyện', 72),
	(707, 'Huyện Dương Minh Châu', 'Huyện', 72),
	(708, 'Huyện Châu Thành', 'Huyện', 72),
	(709, 'Huyện Hòa Thành', 'Huyện', 72),
	(710, 'Huyện Gò Dầu', 'Huyện', 72),
	(711, 'Huyện Bến Cầu', 'Huyện', 72),
	(712, 'Huyện Trảng Bàng', 'Huyện', 72),
	(718, 'Thành phố Thủ Dầu Một', 'Thành phố', 74),
	(719, 'Huyện Bàu Bàng', 'Huyện', 74),
	(720, 'Huyện Dầu Tiếng', 'Huyện', 74),
	(721, 'Thị xã Bến Cát', 'Thị xã', 74),
	(722, 'Huyện Phú Giáo', 'Huyện', 74),
	(723, 'Thị xã Tân Uyên', 'Thị xã', 74),
	(724, 'Thị xã Dĩ An', 'Thị xã', 74),
	(725, 'Thị xã Thuận An', 'Thị xã', 74),
	(726, 'Huyện Bắc Tân Uyên', 'Huyện', 74),
	(731, 'Thành phố Biên Hòa', 'Thành phố', 75),
	(732, 'Thị xã Long Khánh', 'Thị xã', 75),
	(734, 'Huyện Tân Phú', 'Huyện', 75),
	(735, 'Huyện Vĩnh Cửu', 'Huyện', 75),
	(736, 'Huyện Định Quán', 'Huyện', 75),
	(737, 'Huyện Trảng Bom', 'Huyện', 75),
	(738, 'Huyện Thống Nhất', 'Huyện', 75),
	(739, 'Huyện Cẩm Mỹ', 'Huyện', 75),
	(740, 'Huyện Long Thành', 'Huyện', 75),
	(741, 'Huyện Xuân Lộc', 'Huyện', 75),
	(742, 'Huyện Nhơn Trạch', 'Huyện', 75),
	(747, 'Thành phố Vũng Tàu', 'Thành phố', 77),
	(748, 'Thành phố Bà Rịa', 'Thành phố', 77),
	(750, 'Huyện Châu Đức', 'Huyện', 77),
	(751, 'Huyện Xuyên Mộc', 'Huyện', 77),
	(752, 'Huyện Long Điền', 'Huyện', 77),
	(753, 'Huyện Đất Đỏ', 'Huyện', 77),
	(754, 'Huyện Tân Thành', 'Huyện', 77),
	(755, 'Huyện Côn Đảo', 'Huyện', 77),
	(760, 'Quận 1', 'Quận', 79),
	(761, 'Quận 12', 'Quận', 79),
	(762, 'Quận Thủ Đức', 'Quận', 79),
	(763, 'Quận 9', 'Quận', 79),
	(764, 'Quận Gò Vấp', 'Quận', 79),
	(765, 'Quận Bình Thạnh', 'Quận', 79),
	(766, 'Quận Tân Bình', 'Quận', 79),
	(767, 'Quận Tân Phú', 'Quận', 79),
	(768, 'Quận Phú Nhuận', 'Quận', 79),
	(769, 'Quận 2', 'Quận', 79),
	(770, 'Quận 3', 'Quận', 79),
	(771, 'Quận 10', 'Quận', 79),
	(772, 'Quận 11', 'Quận', 79),
	(773, 'Quận 4', 'Quận', 79),
	(774, 'Quận 5', 'Quận', 79),
	(775, 'Quận 6', 'Quận', 79),
	(776, 'Quận 8', 'Quận', 79),
	(777, 'Quận Bình Tân', 'Quận', 79),
	(778, 'Quận 7', 'Quận', 79),
	(783, 'Huyện Củ Chi', 'Huyện', 79),
	(784, 'Huyện Hóc Môn', 'Huyện', 79),
	(785, 'Huyện Bình Chánh', 'Huyện', 79),
	(786, 'Huyện Nhà Bè', 'Huyện', 79),
	(787, 'Huyện Cần Giờ', 'Huyện', 79),
	(794, 'Thành phố Tân An', 'Thành phố', 80),
	(795, 'Thị xã Kiến Tường', 'Thị xã', 80),
	(796, 'Huyện Tân Hưng', 'Huyện', 80),
	(797, 'Huyện Vĩnh Hưng', 'Huyện', 80),
	(798, 'Huyện Mộc Hóa', 'Huyện', 80),
	(799, 'Huyện Tân Thạnh', 'Huyện', 80),
	(800, 'Huyện Thạnh Hóa', 'Huyện', 80),
	(801, 'Huyện Đức Huệ', 'Huyện', 80),
	(802, 'Huyện Đức Hòa', 'Huyện', 80),
	(803, 'Huyện Bến Lức', 'Huyện', 80),
	(804, 'Huyện Thủ Thừa', 'Huyện', 80),
	(805, 'Huyện Tân Trụ', 'Huyện', 80),
	(806, 'Huyện Cần Đước', 'Huyện', 80),
	(807, 'Huyện Cần Giuộc', 'Huyện', 80),
	(808, 'Huyện Châu Thành', 'Huyện', 80),
	(815, 'Thành phố Mỹ Tho', 'Thành phố', 82),
	(816, 'Thị xã Gò Công', 'Thị xã', 82),
	(817, 'Thị xã Cai Lậy', 'Huyện', 82),
	(818, 'Huyện Tân Phước', 'Huyện', 82),
	(819, 'Huyện Cái Bè', 'Huyện', 82),
	(820, 'Huyện Cai Lậy', 'Thị xã', 82),
	(821, 'Huyện Châu Thành', 'Huyện', 82),
	(822, 'Huyện Chợ Gạo', 'Huyện', 82),
	(823, 'Huyện Gò Công Tây', 'Huyện', 82),
	(824, 'Huyện Gò Công Đông', 'Huyện', 82),
	(825, 'Huyện Tân Phú Đông', 'Huyện', 82),
	(829, 'Thành phố Bến Tre', 'Thành phố', 83),
	(831, 'Huyện Châu Thành', 'Huyện', 83),
	(832, 'Huyện Chợ Lách', 'Huyện', 83),
	(833, 'Huyện Mỏ Cày Nam', 'Huyện', 83),
	(834, 'Huyện Giồng Trôm', 'Huyện', 83),
	(835, 'Huyện Bình Đại', 'Huyện', 83),
	(836, 'Huyện Ba Tri', 'Huyện', 83),
	(837, 'Huyện Thạnh Phú', 'Huyện', 83),
	(838, 'Huyện Mỏ Cày Bắc', 'Huyện', 83),
	(842, 'Thành phố Trà Vinh', 'Thành phố', 84),
	(844, 'Huyện Càng Long', 'Huyện', 84),
	(845, 'Huyện Cầu Kè', 'Huyện', 84),
	(846, 'Huyện Tiểu Cần', 'Huyện', 84),
	(847, 'Huyện Châu Thành', 'Huyện', 84),
	(848, 'Huyện Cầu Ngang', 'Huyện', 84),
	(849, 'Huyện Trà Cú', 'Huyện', 84),
	(850, 'Huyện Duyên Hải', 'Huyện', 84),
	(851, 'Thị xã Duyên Hải', 'Thị xã', 84),
	(855, 'Thành phố Vĩnh Long', 'Thành phố', 86),
	(857, 'Huyện Long Hồ', 'Huyện', 86),
	(858, 'Huyện Mang Thít', 'Huyện', 86),
	(859, 'Huyện  Vũng Liêm', 'Huyện', 86),
	(860, 'Huyện Tam Bình', 'Huyện', 86),
	(861, 'Thị xã Bình Minh', 'Thị xã', 86),
	(862, 'Huyện Trà Ôn', 'Huyện', 86),
	(863, 'Huyện Bình Tân', 'Huyện', 86),
	(866, 'Thành phố Cao Lãnh', 'Thành phố', 87),
	(867, 'Thành phố Sa Đéc', 'Thành phố', 87),
	(868, 'Thị xã Hồng Ngự', 'Thị xã', 87),
	(869, 'Huyện Tân Hồng', 'Huyện', 87),
	(870, 'Huyện Hồng Ngự', 'Huyện', 87),
	(871, 'Huyện Tam Nông', 'Huyện', 87),
	(872, 'Huyện Tháp Mười', 'Huyện', 87),
	(873, 'Huyện Cao Lãnh', 'Huyện', 87),
	(874, 'Huyện Thanh Bình', 'Huyện', 87),
	(875, 'Huyện Lấp Vò', 'Huyện', 87),
	(876, 'Huyện Lai Vung', 'Huyện', 87),
	(877, 'Huyện Châu Thành', 'Huyện', 87),
	(883, 'Thành phố Long Xuyên', 'Thành phố', 89),
	(884, 'Thành phố Châu Đốc', 'Thành phố', 89),
	(886, 'Huyện An Phú', 'Huyện', 89),
	(887, 'Thị xã Tân Châu', 'Thị xã', 89),
	(888, 'Huyện Phú Tân', 'Huyện', 89),
	(889, 'Huyện Châu Phú', 'Huyện', 89),
	(890, 'Huyện Tịnh Biên', 'Huyện', 89),
	(891, 'Huyện Tri Tôn', 'Huyện', 89),
	(892, 'Huyện Châu Thành', 'Huyện', 89),
	(893, 'Huyện Chợ Mới', 'Huyện', 89),
	(894, 'Huyện Thoại Sơn', 'Huyện', 89),
	(899, 'Thành phố Rạch Giá', 'Thành phố', 91),
	(900, 'Thị xã Hà Tiên', 'Thị xã', 91),
	(902, 'Huyện Kiên Lương', 'Huyện', 91),
	(903, 'Huyện Hòn Đất', 'Huyện', 91),
	(904, 'Huyện Tân Hiệp', 'Huyện', 91),
	(905, 'Huyện Châu Thành', 'Huyện', 91),
	(906, 'Huyện Giồng Riềng', 'Huyện', 91),
	(907, 'Huyện Gò Quao', 'Huyện', 91),
	(908, 'Huyện An Biên', 'Huyện', 91),
	(909, 'Huyện An Minh', 'Huyện', 91),
	(910, 'Huyện Vĩnh Thuận', 'Huyện', 91),
	(911, 'Huyện Phú Quốc', 'Huyện', 91),
	(912, 'Huyện Kiên Hải', 'Huyện', 91),
	(913, 'Huyện U Minh Thượng', 'Huyện', 91),
	(914, 'Huyện Giang Thành', 'Huyện', 91),
	(916, 'Quận Ninh Kiều', 'Quận', 92),
	(917, 'Quận Ô Môn', 'Quận', 92),
	(918, 'Quận Bình Thuỷ', 'Quận', 92),
	(919, 'Quận Cái Răng', 'Quận', 92),
	(923, 'Quận Thốt Nốt', 'Quận', 92),
	(924, 'Huyện Vĩnh Thạnh', 'Huyện', 92),
	(925, 'Huyện Cờ Đỏ', 'Huyện', 92),
	(926, 'Huyện Phong Điền', 'Huyện', 92),
	(927, 'Huyện Thới Lai', 'Huyện', 92),
	(930, 'Thành phố Vị Thanh', 'Thành phố', 93),
	(931, 'Thị xã Ngã Bảy', 'Thị xã', 93),
	(932, 'Huyện Châu Thành A', 'Huyện', 93),
	(933, 'Huyện Châu Thành', 'Huyện', 93),
	(934, 'Huyện Phụng Hiệp', 'Huyện', 93),
	(935, 'Huyện Vị Thuỷ', 'Huyện', 93),
	(936, 'Huyện Long Mỹ', 'Huyện', 93),
	(937, 'Thị xã Long Mỹ', 'Thị xã', 93),
	(941, 'Thành phố Sóc Trăng', 'Thành phố', 94),
	(942, 'Huyện Châu Thành', 'Huyện', 94),
	(943, 'Huyện Kế Sách', 'Huyện', 94),
	(944, 'Huyện Mỹ Tú', 'Huyện', 94),
	(945, 'Huyện Cù Lao Dung', 'Huyện', 94),
	(946, 'Huyện Long Phú', 'Huyện', 94),
	(947, 'Huyện Mỹ Xuyên', 'Huyện', 94),
	(948, 'Thị xã Ngã Năm', 'Thị xã', 94),
	(949, 'Huyện Thạnh Trị', 'Huyện', 94),
	(950, 'Thị xã Vĩnh Châu', 'Thị xã', 94),
	(951, 'Huyện Trần Đề', 'Huyện', 94),
	(954, 'Thành phố Bạc Liêu', 'Thành phố', 95),
	(956, 'Huyện Hồng Dân', 'Huyện', 95),
	(957, 'Huyện Phước Long', 'Huyện', 95),
	(958, 'Huyện Vĩnh Lợi', 'Huyện', 95),
	(959, 'Thị xã Giá Rai', 'Thị xã', 95),
	(960, 'Huyện Đông Hải', 'Huyện', 95),
	(961, 'Huyện Hoà Bình', 'Huyện', 95),
	(964, 'Thành phố Cà Mau', 'Thành phố', 96),
	(966, 'Huyện U Minh', 'Huyện', 96),
	(967, 'Huyện Thới Bình', 'Huyện', 96),
	(968, 'Huyện Trần Văn Thời', 'Huyện', 96),
	(969, 'Huyện Cái Nước', 'Huyện', 96),
	(970, 'Huyện Đầm Dơi', 'Huyện', 96),
	(971, 'Huyện Năm Căn', 'Huyện', 96),
	(972, 'Huyện Phú Tân', 'Huyện', 96),
	(973, 'Huyện Ngọc Hiển', 'Huyện', 96);

-- Dumping structure for table doan.images
CREATE TABLE IF NOT EXISTS `images` (
  `image_id` bigint(20) unsigned NOT NULL AUTO_INCREMENT,
  `product_id` int(11) NOT NULL,
  `image_name` text NOT NULL,
  `created_at` timestamp NULL DEFAULT NULL,
  `updated_at` timestamp NULL DEFAULT NULL,
  PRIMARY KEY (`image_id`)
) ENGINE=InnoDB AUTO_INCREMENT=65 DEFAULT CHARSET=utf8mb4 COLLATE=utf8mb4_unicode_ci;

-- Dumping data for table doan.images: ~61 rows (approximately)
REPLACE INTO `images` (`image_id`, `product_id`, `image_name`, `created_at`, `updated_at`) VALUES
	(4, 2, '/storage/images_product/6dFGTBIvUJ_x_m_24.webp', '2023-11-05 06:55:16', '2023-11-05 06:55:16'),
	(5, 2, '/storage/images_product/DxJwhRUvog_b_c_1_9.webp', '2023-11-05 06:55:16', '2023-11-05 06:55:16'),
	(6, 2, '/storage/images_product/GYHLaA1qJf_iphone-14-pro_2__5.webp', '2023-11-05 06:55:16', '2023-11-05 06:55:16'),
	(7, 3, '/storage/images_product/NRODfsRE9J_vn_iphone_15_yellow_pdp_image_position-1a_yellow_color_1_4.webp', '2023-11-05 06:57:14', '2023-11-05 06:57:14'),
	(8, 3, '/storage/images_product/UVUO1JWjC6_vn_iphone_15_blue_pdp_image_position-1a_blue_color_1_4.jpg', '2023-11-05 06:57:14', '2023-11-05 06:57:14'),
	(9, 3, '/storage/images_product/oVxFJnA0Ay_iphone-15-plus_1__1.webp', '2023-11-05 06:57:14', '2023-11-05 06:57:14'),
	(10, 4, '/storage/images_product/IkLsGp5T2X_samsung-galaxy-z-flip5-kem-4.webp', '2023-12-07 00:04:07', '2023-12-07 00:04:07'),
	(11, 4, '/storage/images_product/kcabFBYAl1_samsung-galaxy-z-flip5-tim-4.webp', '2023-12-07 00:04:07', '2023-12-07 00:04:07'),
	(12, 4, '/storage/images_product/Fr7XnG9H8U_samsung-galaxy-z-flip-xam-4.webp', '2023-12-07 00:04:07', '2023-12-07 00:04:07'),
	(13, 5, '/storage/images_product/cdciJdffs8_galaxy-m14-5.webp', '2023-12-07 00:06:12', '2023-12-07 00:06:12'),
	(14, 5, '/storage/images_product/DFBFFdxAPa_samsung-galaxy-m14.webp', '2023-12-07 00:06:12', '2023-12-07 00:06:12'),
	(15, 5, '/storage/images_product/utzCmT4ZvF__5453_3_.webp', '2023-12-07 00:06:12', '2023-12-07 00:06:12'),
	(16, 6, '/storage/images_product/GN8mHJxgJ3_oppo-find-n3-flip_7_.webp', '2023-12-07 00:08:17', '2023-12-07 00:08:17'),
	(17, 6, '/storage/images_product/6C5hOGvI8W_oppo-find-n3-flip_8_.webp', '2023-12-07 00:08:17', '2023-12-07 00:08:17'),
	(18, 6, '/storage/images_product/6UuVV0Ppko_oppo-find-n3-flip_4_.webp', '2023-12-07 00:08:17', '2023-12-07 00:08:17'),
	(19, 6, '/storage/images_product/ysaNoluE9Y_oppo-find-n3-flip_5_.webp', '2023-12-07 00:08:17', '2023-12-07 00:08:17'),
	(20, 7, '/storage/images_product/2DuGltQmo4_reno10-5g-860_720.webp', '2023-12-07 00:10:34', '2023-12-07 00:10:34'),
	(21, 7, '/storage/images_product/f5jk6HMLf2_reno10_5g_-_combo_product_-_grey.webp', '2023-12-07 00:10:34', '2023-12-07 00:10:34'),
	(22, 7, '/storage/images_product/DpFVoW9T3E_reno10_5g_-_combo_product_-_blue_-_copy.webp', '2023-12-07 00:10:34', '2023-12-07 00:10:34'),
	(23, 8, '/storage/images_product/sYOr2TetIS_oppo_reno8_t_256gb_15_.webp', '2023-12-07 00:21:25', '2023-12-07 00:21:25'),
	(24, 8, '/storage/images_product/1Tqyx9k8AI_638106973185744517_oppo-reno8-t-4g-cam-4.webp', '2023-12-07 00:21:25', '2023-12-07 00:21:25'),
	(25, 8, '/storage/images_product/mDSzpvuzkP_oppo-reno-8t-4g-256gb.webp', '2023-12-07 00:21:25', '2023-12-07 00:21:25'),
	(26, 9, '/storage/images_product/NZ5XzR8J2T_637387863045632122_pk-apple-00720432-3.webp', '2023-12-07 04:24:25', '2023-12-07 04:24:25'),
	(27, 9, '/storage/images_product/STpopO08Tb_adapter-20w-apple-5_1_1.webp', '2023-12-07 04:24:25', '2023-12-07 04:24:25'),
	(28, 9, '/storage/images_product/jkvNYo6dsI_group_117_1.webp', '2023-12-07 04:24:25', '2023-12-07 04:24:25'),
	(29, 10, '/storage/images_product/C5x1AE2a3h_airpods2-s-2.webp', '2023-12-07 04:28:56', '2023-12-07 04:28:56'),
	(30, 10, '/storage/images_product/I7GBPtVfDp_airpods2-s-1.webp', '2023-12-07 04:28:56', '2023-12-07 04:28:56'),
	(31, 10, '/storage/images_product/UlR0P9OD7t_group_169_2.webp', '2023-12-07 04:28:56', '2023-12-07 04:28:56'),
	(32, 11, '/storage/images_product/UXpnVsLHIR_69.2.webp', '2023-12-07 04:33:08', '2023-12-07 04:33:08'),
	(33, 11, '/storage/images_product/HOLnxuvhB9_69.1.webp', '2023-12-07 04:33:08', '2023-12-07 04:33:08'),
	(34, 11, '/storage/images_product/pSsamVcNNS_combo_product_-_reno8_4g_-_gold.webp', '2023-12-07 04:33:08', '2023-12-07 04:33:08'),
	(35, 12, '/storage/images_product/DvKMAaCGCE_combo_a17k_-_navy_-_cmyk.webp', '2023-12-07 04:36:27', '2023-12-07 04:36:27'),
	(36, 12, '/storage/images_product/4QYt1Vx69l_oppo-a17k.webp', '2023-12-07 04:36:27', '2023-12-07 04:36:27'),
	(37, 12, '/storage/images_product/NvHFGPUPkx_t_i_xu_ng_62__1.webp', '2023-12-07 04:36:27', '2023-12-07 04:36:27'),
	(38, 13, '/storage/images_product/Y7QmfJTw1j_4824327_cover_iphone-11-mint211_1.jpg', '2023-12-07 04:40:09', '2023-12-07 04:40:09'),
	(39, 13, '/storage/images_product/3iKJ1kgHE4__0000_iphone_11_red_rosette_vertical_us-en_print_1.jpg', '2023-12-07 04:40:09', '2023-12-07 04:40:09'),
	(40, 13, '/storage/images_product/7xFfihTqif_iphone11-white-select-2019_3.webp', '2023-12-07 04:40:09', '2023-12-07 04:40:09'),
	(41, 14, '/storage/images_product/6PoxZVnYI7_iphone-13-pro-max-10_1.webp', '2023-12-17 19:42:15', '2023-12-17 19:42:15'),
	(42, 14, '/storage/images_product/rpXfpul8xO_iphone-13-pro-max-8_1.webp', '2023-12-17 19:42:15', '2023-12-17 19:42:15'),
	(43, 14, '/storage/images_product/vOuwbpRmLz_iphone-13-pro-max.webp', '2023-12-17 19:42:15', '2023-12-17 19:42:15'),
	(44, 15, '/storage/images_product/3Mktgjcc3b_6_129.webp', '2023-12-17 19:44:43', '2023-12-17 19:44:43'),
	(45, 15, '/storage/images_product/XcN7dCYTBV_3_224.webp', '2023-12-17 19:44:43', '2023-12-17 19:44:43'),
	(46, 15, '/storage/images_product/35tR1OkRfj_2_241.webp', '2023-12-17 19:44:43', '2023-12-17 19:44:43'),
	(47, 16, '/storage/images_product/mhioiFfvgr_oppo-a18_1_.webp', '2023-12-17 19:46:38', '2023-12-17 19:46:38'),
	(48, 16, '/storage/images_product/Q9DueLlpIb_oppo-a18.webp', '2023-12-17 19:46:38', '2023-12-17 19:46:38'),
	(49, 16, '/storage/images_product/StpyUSuZjs_oppo-a18_4_.webp', '2023-12-17 19:46:38', '2023-12-17 19:46:38'),
	(50, 17, '/storage/images_product/ZpWBCoYDAl_samsung-galaxy-a54_1_.webp', '2023-12-17 19:54:35', '2023-12-17 19:54:35'),
	(51, 17, '/storage/images_product/1Nztj00qBz_samsung-galaxy-a54.webp', '2023-12-17 19:54:35', '2023-12-17 19:54:35'),
	(52, 17, '/storage/images_product/XIwL2ssXWb_samsung-galaxy-a54_2_.webp', '2023-12-17 19:54:35', '2023-12-17 19:54:35'),
	(53, 18, '/storage/images_product/ljKVx1Gv3A_15_20.webp', '2023-12-23 10:09:18', '2023-12-23 10:09:18'),
	(54, 18, '/storage/images_product/nj9YsfbYKS_8_77.webp', '2023-12-23 10:09:18', '2023-12-23 10:09:18'),
	(55, 18, '/storage/images_product/VoC8rYTINA_1_292.webp', '2023-12-23 10:09:18', '2023-12-23 10:09:18'),
	(56, 19, '/storage/images_product/iRTh8adqHE_samsung-galaxy-s21-fe-8gb-128gb.webp', '2023-12-23 10:11:25', '2023-12-23 10:11:25'),
	(57, 19, '/storage/images_product/L2IS3Hern8_sm-g990_s21fe_backfront_zw.webp', '2023-12-23 10:11:25', '2023-12-23 10:11:25'),
	(58, 19, '/storage/images_product/5E4M1w3j7T_sm-g990_s21fe_backfront_za.webp', '2023-12-23 10:11:25', '2023-12-23 10:11:25'),
	(59, 20, '/storage/images_product/r7v0g3vCza_t_i_xu_ng_18__1_3.webp', '2023-12-23 10:18:37', '2023-12-23 10:18:37'),
	(60, 20, '/storage/images_product/8nTGZGwqj1_4g-oppo-reno7-4.webp', '2023-12-23 10:18:37', '2023-12-23 10:18:37'),
	(61, 20, '/storage/images_product/zXbyNy2S9P_74.2.webp', '2023-12-23 10:18:37', '2023-12-23 10:18:37'),
	(62, 21, '/storage/images_product/HW94KsFNT5_oppo-reno10-128gb_5_.webp', '2023-12-23 10:21:45', '2023-12-23 10:21:45'),
	(63, 21, '/storage/images_product/y7Co2j9wzI_oppo-reno10-128gb_6_.webp', '2023-12-23 10:21:45', '2023-12-23 10:21:45'),
	(64, 21, '/storage/images_product/hpy2XHuAPb_reno10_5g_-_combo_product_-_blue_4 (1).webp', '2023-12-23 10:21:45', '2023-12-23 10:21:45');

-- Dumping structure for table doan.migrations
CREATE TABLE IF NOT EXISTS `migrations` (
  `id` int(10) unsigned NOT NULL AUTO_INCREMENT,
  `migration` varchar(255) NOT NULL,
  `batch` int(11) NOT NULL,
  PRIMARY KEY (`id`)
) ENGINE=InnoDB AUTO_INCREMENT=17 DEFAULT CHARSET=utf8mb4 COLLATE=utf8mb4_unicode_ci;

-- Dumping data for table doan.migrations: ~16 rows (approximately)
REPLACE INTO `migrations` (`id`, `migration`, `batch`) VALUES
	(1, '2014_10_12_000000_create_users_table', 1),
	(2, '2021_07_23_173754_create_categorys_table', 1),
	(3, '2021_07_23_191036_create_brands_table', 1),
	(4, '2021_07_26_183015_create_citys_table', 1),
	(5, '2021_07_26_183309_create_districts_table', 1),
	(6, '2021_07_26_193520_create_ships_table', 1),
	(7, '2021_07_27_155013_create_coupons_table', 1),
	(8, '2021_07_27_173951_create_products_table', 1),
	(9, '2021_07_28_071501_create_images_table', 1),
	(10, '2021_07_30_190602_create_orders_table', 1),
	(11, '2021_07_30_191330_create_orderdetail_table', 1),
	(12, '2021_07_31_175756_create_comments_table', 1),
	(13, '2021_08_01_145126_create_wishlist_table', 1),
	(14, '2021_11_27_135149_create_slide_table', 1),
	(15, '2021_11_28_093707_create_requirement_table', 1),
	(16, '2021_12_01_152558_create_posts_table', 1);

-- Dumping structure for table doan.orderdetail
CREATE TABLE IF NOT EXISTS `orderdetail` (
  `order_detail_id` bigint(20) unsigned NOT NULL AUTO_INCREMENT,
  `order_id` bigint(20) unsigned DEFAULT NULL,
  `product_id` int(11) DEFAULT NULL,
  `order_detail_quantity` int(11) NOT NULL,
  `order_detail_price` int(11) NOT NULL,
  `created_at` timestamp NULL DEFAULT NULL,
  `updated_at` timestamp NULL DEFAULT NULL,
  PRIMARY KEY (`order_detail_id`),
  KEY `orderdetail_order_id_foreign` (`order_id`),
  KEY `orderdetail_product_id_foreign` (`product_id`),
  CONSTRAINT `orderdetail_order_id_foreign` FOREIGN KEY (`order_id`) REFERENCES `orders` (`order_id`) ON DELETE CASCADE,
  CONSTRAINT `orderdetail_product_id_foreign` FOREIGN KEY (`product_id`) REFERENCES `products` (`product_id`) ON DELETE CASCADE
) ENGINE=InnoDB AUTO_INCREMENT=47 DEFAULT CHARSET=utf8mb4 COLLATE=utf8mb4_unicode_ci;

-- Dumping data for table doan.orderdetail: ~31 rows (approximately)
REPLACE INTO `orderdetail` (`order_detail_id`, `order_id`, `product_id`, `order_detail_quantity`, `order_detail_price`, `created_at`, `updated_at`) VALUES
	(2, 2, 3, 1, 22090000, '2023-11-05 19:59:26', '2023-11-05 19:59:26'),
	(9, 6, 10, 1, 1802300, '2023-12-07 08:18:55', '2023-12-07 08:18:55'),
	(10, 6, 11, 1, 6516300, '2023-12-07 08:18:55', '2023-12-07 08:18:55'),
	(11, 6, 2, 1, 27290000, '2023-12-07 08:18:55', '2023-12-07 08:18:55'),
	(12, 7, 13, 1, 10590000, '2023-12-07 08:26:31', '2023-12-07 08:26:31'),
	(13, 8, 4, 3, 25990000, '2023-12-17 20:43:23', '2023-12-17 20:43:23'),
	(14, 2, 3, 1, 22090000, '2023-11-05 12:59:26', '2023-11-05 12:59:26'),
	(15, 6, 10, 1, 1802300, '2023-12-07 01:18:55', '2023-12-07 01:18:55'),
	(16, 6, 11, 1, 6516300, '2023-12-07 01:18:55', '2023-12-07 01:18:55'),
	(17, 6, 2, 1, 27290000, '2023-12-07 01:18:55', '2023-12-07 01:18:55'),
	(18, 7, 13, 1, 10590000, '2023-12-07 01:26:31', '2023-12-07 01:26:31'),
	(19, 8, 4, 3, 25990000, '2023-12-17 13:43:23', '2023-12-17 13:43:23'),
	(20, 2, 3, 1, 22090000, '2023-11-05 12:59:26', '2023-11-05 12:59:26'),
	(21, 6, 10, 1, 1802300, '2023-12-07 01:18:55', '2023-12-07 01:18:55'),
	(22, 6, 11, 1, 6516300, '2023-12-07 01:18:55', '2023-12-07 01:18:55'),
	(23, 6, 2, 1, 27290000, '2023-12-07 01:18:55', '2023-12-07 01:18:55'),
	(24, 7, 13, 1, 10590000, '2023-12-07 01:26:31', '2023-12-07 01:26:31'),
	(25, 8, 4, 3, 25990000, '2023-12-17 13:43:23', '2023-12-17 13:43:23'),
	(26, 9, 18, 1, 3680000, '2023-12-23 10:29:05', '2023-12-23 10:29:05'),
	(35, 11, 20, 4, 5912600, '2023-12-24 19:27:03', '2023-12-24 19:27:03'),
	(36, 12, 19, 1, 10634400, '2023-12-24 19:29:18', '2023-12-24 19:29:18'),
	(37, 13, 20, 1, 5912600, '2023-12-25 21:26:47', '2023-12-25 21:26:47'),
	(38, 13, 19, 1, 10634400, '2023-12-25 21:26:47', '2023-12-25 21:26:47'),
	(39, 13, 16, 1, 3940000, '2023-12-25 21:26:47', '2023-12-25 21:26:47'),
	(40, 13, 14, 1, 22990000, '2023-12-25 21:26:47', '2023-12-25 21:26:47'),
	(41, 14, 18, 1, 5592000, '2023-12-25 21:57:06', '2023-12-25 21:57:06'),
	(42, 14, 20, 6, 14060000, '2023-12-25 21:57:06', '2023-12-25 21:57:06'),
	(43, 15, 3, 1, 22090000, '2023-12-27 20:10:18', '2023-12-27 20:10:18'),
	(44, 15, 18, 1, 5592000, '2023-12-27 20:10:18', '2023-12-27 20:10:18'),
	(45, 15, 11, 1, 6516300, '2023-12-27 20:10:18', '2023-12-27 20:10:18'),
	(46, 15, 15, 1, 9993500, '2023-12-27 20:10:18', '2023-12-27 20:10:18');

-- Dumping structure for table doan.orders
CREATE TABLE IF NOT EXISTS `orders` (
  `order_id` bigint(20) unsigned NOT NULL AUTO_INCREMENT,
  `user_id` int(11) DEFAULT NULL,
  `order_shipping` text NOT NULL,
  `order_note` varchar(255) DEFAULT NULL,
  `order_pay_type` int(11) NOT NULL,
  `order_profit` int(11) NOT NULL,
  `order_total` int(11) NOT NULL,
  `order_status` int(11) NOT NULL,
  `created_at` timestamp NULL DEFAULT NULL,
  `updated_at` timestamp NULL DEFAULT NULL,
  PRIMARY KEY (`order_id`),
  KEY `orders_user_id_foreign` (`user_id`),
  CONSTRAINT `orders_user_id_foreign` FOREIGN KEY (`user_id`) REFERENCES `users` (`user_id`) ON DELETE SET NULL
) ENGINE=InnoDB AUTO_INCREMENT=16 DEFAULT CHARSET=utf8mb4 COLLATE=utf8mb4_unicode_ci;

-- Dumping data for table doan.orders: ~11 rows (approximately)
REPLACE INTO `orders` (`order_id`, `user_id`, `order_shipping`, `order_note`, `order_pay_type`, `order_profit`, `order_total`, `order_status`, `created_at`, `updated_at`) VALUES
	(1, 29, 'Tên người nhận: hoài nguyễn - Email: admin@gmail.com - Số điện thoại: 1656913023 - Địa chỉ: 123 - Thành phố Hà Giang - Tỉnh Hà Giang', '123', 1, 19999, 20122, 6, '2023-10-29 17:00:00', '2023-12-07 08:38:43'),
	(2, 29, 'Tên người nhận: hoài nguyễn - Email: admin@gmail.com - Số điện thoại: 1656913023 - Địa chỉ: qưe - Quận Ba Đình - Thành phố Hà Nội', 'qưe', 1, 20000, 22110000, 5, '2023-11-05 17:00:00', '2023-11-05 20:32:03'),
	(6, 29, 'Tên người nhận: hoài nguyễn - Email: admin@gmail.com - Số điện thoại: 1656913023 - Địa chỉ: ád - Quận Hà Đông - Thành phố Hà Nội', 'ádasd', 1, 10041400, 35628600, 5, '2023-12-06 17:00:00', '2023-12-07 08:19:09'),
	(7, 32, 'Tên người nhận: hoài nguyễn văn - Email: hoai8eqt@gmail.com - Số điện thoại: 1656913023 - Địa chỉ: ádasd - Quận Nam Từ Liêm - Thành phố Hà Nội', 'ádasd', 1, 20000, 10610000, 5, '2023-12-06 17:00:00', '2023-12-15 05:45:08'),
	(8, 29, 'Tên người nhận: hoài nguyễn - Email: hoai8eqt@gmail.com - Số điện thoại: 1656913023 - Địa chỉ: hoai - Thị xã Phú Thọ - Tỉnh Phú Thọ', 'qưeqwe', 1, 20000, 77990000, 5, '2023-12-17 17:00:00', '2023-12-23 10:32:00'),
	(9, 29, 'Tên người nhận: hoài nguyễn - Email: hoai8eqt@gmail.com - Số điện thoại: 1656913023 - Địa chỉ: qqweqwe - Huyện Bạch Thông - Tỉnh Bắc Kạn', 'qweqwe', 2, 2290000, 3700000, 5, '2023-12-23 17:00:00', '2023-12-23 10:30:11'),
	(11, 29, 'Tên người nhận: hoài nguyễn - Email: admin@gmail.com - Số điện thoại: 1656913023 - Địa chỉ: qư - Quận Ba Đình - Thành phố Hà Nội', 'qưe', 1, 8186477, 23773523, 5, '2023-12-24 17:00:00', '2023-12-24 19:27:24'),
	(12, 29, 'Tên người nhận: hoài nguyễn - Email: admin@gmail.com - Số điện thoại: 1656913023 - Địa chỉ: qưe - Huyện Đồng Văn - Tỉnh Hà Giang', 'q', 1, 6340600, 10649400, 5, '2023-12-24 17:00:00', '2023-12-24 19:29:58'),
	(13, 32, 'Tên người nhận: hoài nguyễn văn - Email: hoai8eqt@gmail.com - Số điện thoại: 1656913023 - Địa chỉ: 123 - Quận Ba Đình - Thành phố Hà Nội', '123', 1, -8309877, 43600123, 5, '2023-12-25 17:00:00', '2023-12-25 21:29:07'),
	(14, 29, 'Tên người nhận: hoài nguyễn - Email: admin@gmail.com - Số điện thoại: 1656913023 - Địa chỉ: ád - Quận Hoàn Kiếm - Thành phố Hà Nội', 'ád', 1, 53982000, 89972000, 1, '2023-12-25 17:00:00', '2023-12-25 21:57:06'),
	(15, 29, 'Tên người nhận: hoài nguyễn - Email: admin@gmail.com - Số điện thoại: 1656913023 - Địa chỉ: 123 - Quận Ba Đình - Thành phố Hà Nội', '123', 1, -8745077, 44314923, 5, '2023-12-27 17:00:00', '2023-12-27 20:10:51');

-- Dumping structure for table doan.posts
CREATE TABLE IF NOT EXISTS `posts` (
  `id` bigint(20) unsigned NOT NULL AUTO_INCREMENT,
  `user_id` int(11) NOT NULL,
  `post_title` varchar(255) NOT NULL,
  `post_content` text NOT NULL,
  `post_image` varchar(255) NOT NULL,
  `created_at` timestamp NULL DEFAULT NULL,
  `updated_at` timestamp NULL DEFAULT NULL,
  PRIMARY KEY (`id`),
  KEY `posts_user_id_foreign` (`user_id`),
  CONSTRAINT `posts_user_id_foreign` FOREIGN KEY (`user_id`) REFERENCES `users` (`user_id`) ON DELETE CASCADE
) ENGINE=InnoDB AUTO_INCREMENT=6 DEFAULT CHARSET=utf8mb4 COLLATE=utf8mb4_unicode_ci;

-- Dumping data for table doan.posts: ~4 rows (approximately)
REPLACE INTO `posts` (`id`, `user_id`, `post_title`, `post_content`, `post_image`, `created_at`, `updated_at`) VALUES
	(1, 29, 'Đánh giá Xiaomi Watch 2 Pro: Một chiếc smartwatch tiềm năng nhưng cần cải thiện nhiều hơn!', '<h2><strong>Thiết kế</strong></h2>\r\n\r\n<p>&nbsp;</p>\r\n\r\n<p>C&oacute; thể n&oacute;i thiết kế ch&iacute;nh l&agrave; điểm ấn tượng nhất tr&ecirc;n chiếc đồng hồ n&agrave;y. Sở hữu ng&ocirc;n ngữ thiết kế hiện đại pha ch&uacute;t cổ điển Xiaomi Watch 2 Pro ph&ugrave; hợp với mọi phong c&aacute;ch thời trang. Đồng thời k&iacute;ch thước 46mm cũng kh&aacute; ph&ugrave; hợp với cổ tay của m&igrave;nh kh&ocirc;ng qu&aacute; to cũng kh&ocirc;ng qu&aacute; nhỏ.</p>\r\n\r\n<p>&nbsp;</p>\r\n\r\n<p><img alt="" src="https://cdn.sforum.vn/sforum/wp-content/uploads/2023/10/trai-nghiem-galaxy-watch-2-pro-21.jpg" style="height:800px; width:1200px" /></p>\r\n\r\n<p>&nbsp;</p>\r\n\r\n<p>B&ecirc;n cạnh thiết kế đẹp th&igrave; phần ho&agrave;n thiện sản phẩm cũng được Xiaomi l&agrave;m rất tốt. C&aacute;c chi tiết đều được l&agrave;m một c&aacute;ch chỉnh chu, đẹp mắt. Phần d&acirc;y đeo bằng da kh&aacute; &ecirc;m mang trong thời gian d&agrave;i cũng kh&ocirc;ng bị kh&oacute; chịu. C&aacute;c n&uacute;t điều khiển v&agrave; n&uacute;m xoay kh&aacute; cho cảm gi&aacute;c bấm kh&aacute; nẩy v&agrave; tốt. Tương tự như thế hệ trước, phần n&uacute;m xoay được thiết kế c&ugrave;ng t&ocirc;ng với đồng hồ tạo cảm gi&aacute;c đồng bộ v&agrave; sang trọng.</p>\r\n\r\n<p>&nbsp;</p>\r\n\r\n<p><img alt="" src="https://cdn.sforum.vn/sforum/wp-content/uploads/2023/10/trai-nghiem-galaxy-watch-2-pro-22.jpg" style="height:800px; width:1200px" /></p>\r\n\r\n<p>&nbsp;</p>\r\n\r\n<p>Tuy nhi&ecirc;n phần n&uacute;m xoay n&agrave;y c&oacute; phần hơi nhạy n&ecirc;n l&agrave; khi cuộn trang hoặc tăng giảm &acirc;m lượng cần phải nhẹ nh&agrave;ng v&agrave; từ tốn. M&igrave;nh nghĩ h&atilde;ng n&ecirc;n thay thế th&agrave;nh cuộn từng nấc để mọi thao t&aacute;c điều khiển Xiaomi Watch 2 Pro dễ d&agrave;ng v&agrave; chuẩn chỉnh hơn khi sử dụng.</p>\r\n\r\n<p>&nbsp;</p>\r\n\r\n<p><img alt="" src="https://cdn.sforum.vn/sforum/wp-content/uploads/2023/10/trai-nghiem-galaxy-watch-2-pro-4-scaled.jpg" style="height:1706px; width:2560px" /></p>\r\n\r\n<p>&nbsp;</p>\r\n\r\n<p>Đ&oacute; l&agrave; về mặt trải nghiệm người d&ugrave;ng c&ograve;n tổng quan thiết kế m&igrave;nh thực sự kh&ocirc;ng c&oacute; g&igrave; để ch&ecirc; Xiaomi Watch 2 Pro cả.&nbsp;<a href="https://cellphones.com.vn/man-hinh.html" title="Màn hình">M&agrave;n h&igrave;nh</a>&nbsp;lớn cho khả năng hiện thị nhiều th&ocirc;ng tin nhất l&agrave; th&ocirc;ng b&aacute;o v&agrave; tin nhắn. C&aacute; nh&acirc;n m&igrave;nh cũng th&iacute;ch đồng hồ mặt tr&ograve;n hơn so với mặt vu&ocirc;ng tất nhi&ecirc;n đ&acirc;y chỉ l&agrave; sở th&iacute;ch c&aacute; nh&acirc;n của m&igrave;nh.</p>\r\n\r\n<p>&nbsp;</p>\r\n\r\n<p><strong>Xem th&ecirc;m:&nbsp;<a href="https://cellphones.com.vn/sforum/tren-tay-xiaomi-watch-2-pro">Tr&ecirc;n tay Xiaomi Watch 2 Pro: Thiết kế sang trọng, hệ điều h&agrave;nh Wear OS, chip Snapdragon W5+ Gen 1, gi&aacute; 5.99 triệu</a></strong></p>\r\n\r\n<p>&nbsp;</p>\r\n\r\n<h2><strong>M&agrave;n h&igrave;nh v&agrave; hiển thị</strong></h2>\r\n\r\n<p>&nbsp;</p>\r\n\r\n<p>Xiaomi Watch 2 Pro được trang bị m&agrave;n h&igrave;nh c&oacute; k&iacute;ch thước 466 x 466 pixel 326 PPI cho khả năng hiển thị h&igrave;nh ảnh sống động, sắc n&eacute;t. K&egrave;m với đ&oacute; l&agrave; độ s&aacute;ng m&agrave;n h&igrave;nh 600 nits hiển thị tốt nội dung dưới mọi m&ocirc;i trường. Thực tế những h&ocirc;m m&igrave;nh ra đường buổi trưa nắng gắt vẫn c&oacute; thể đọc được nội dung th&ocirc;ng b&aacute;o một c&aacute;ch r&otilde; r&agrave;ng. B&ecirc;n cạnh đ&oacute; c&aacute;c thao t&aacute;c vuốt chạm hay xoay n&uacute;m xoay cứ phải gọi l&agrave; mượt m&agrave;, hầu như kh&ocirc;ng c&oacute; độ trễ.</p>\r\n\r\n<p>&nbsp;</p>\r\n\r\n<p><img alt="" src="https://cdn.sforum.vn/sforum/wp-content/uploads/2023/10/trai-nghiem-galaxy-watch-2-pro-1.jpg" style="height:800px; width:1200px" /></p>\r\n\r\n<p>&nbsp;</p>\r\n\r\n<p>Ngo&agrave;i ra Xiaomi đ&atilde; trang bị hơn 20 mặt đồng hồ tuy nhi&ecirc;n đa số l&agrave; mặt kim cổ điển. Hơi kh&oacute; hiểu khi m&agrave; một chiếc đồng hồ c&oacute; gi&aacute; gần 6 triệu đồng lại chỉ được trang bị &iacute;t mặt hiển thị trong khi c&aacute;c sản phẩm gi&aacute; rẻ lại c&oacute; rất nhiều sự lựa chọn kh&aacute;c nhau. Tuy nhi&ecirc;n điều n&agrave;y cũng kh&ocirc;ng qu&aacute; ảnh hưởng đến trải nghiệm khi m&agrave; bạn c&oacute; thể tải th&ecirc;m từ CHPlay.</p>\r\n\r\n<p>&nbsp;</p>\r\n\r\n<p><img alt="" src="https://cdn.sforum.vn/sforum/wp-content/uploads/2023/10/trai-nghiem-galaxy-watch-2-pro-13.jpg" style="height:800px; width:1200px" /></p>\r\n\r\n<p>&nbsp;</p>\r\n\r\n<h2><strong>Hệ điều h&agrave;nh mới</strong></h2>\r\n\r\n<p>&nbsp;</p>\r\n\r\n<p>Kh&aacute;c với thế hệ tiền nhiệm Xiaomi Watch 2 Pro được trang bị hệ điều h&agrave;nh của Google l&agrave; WearOS. Việc sử dụng hệ điều h&agrave;nh mới n&agrave;y gi&uacute;p cho chiếc đồng hồ th&ocirc;ng minh n&agrave;y c&oacute; thể sử dụng c&aacute;c ứng dụng của Google như: Google Map, Google Play, Google Wallet,... một c&aacute;ch mượt m&agrave; v&agrave; đầy đủ hơn.</p>\r\n\r\n<p>&nbsp;</p>\r\n\r\n<p><img alt="" src="https://cdn.sforum.vn/sforum/wp-content/uploads/2023/10/trai-nghiem-galaxy-watch-2-pro-20.jpg" style="height:800px; width:1200px" /></p>\r\n\r\n<p>&nbsp;</p>\r\n\r\n<p>Tuy nhi&ecirc;n c&aacute; nh&acirc;n m&igrave;nh &iacute;t khi sử dụng c&aacute;c t&iacute;nh năng n&agrave;y chỉ thỉnh thoảng d&ugrave;ng Google Maps để chỉ đường. Google Play th&igrave; chỉ d&ugrave;ng để c&agrave;i Spotify v&agrave; mặt đồng hồ. Một t&iacute;nh năng kh&aacute; hay l&agrave; Google Wallet tuy nhi&ecirc;n khi sử dụng th&igrave; m&aacute;y POS tại cửa h&agrave;ng tiện lợi xử l&yacute; hơi l&acirc;u n&ecirc;n m&igrave;nh gần như kh&ocirc;ng d&ugrave;ng đến.</p>\r\n\r\n<p>&nbsp;</p>\r\n\r\n<p><img alt="" src="https://cdn.sforum.vn/sforum/wp-content/uploads/2023/10/trai-nghiem-galaxy-watch-2-pro-2.jpg" style="height:800px; width:1200px" /></p>\r\n\r\n<p>&nbsp;</p>\r\n\r\n<p>C&oacute; một điểm m&igrave;nh đ&aacute;nh gi&aacute; cao chiếc đồng hồ n&agrave;y l&agrave; c&aacute;ch hiển thị th&ocirc;ng b&aacute;o. C&aacute;c th&ocirc;ng b&aacute;o được hiển thị ứng dụng v&agrave; t&ecirc;n người gửi sau đ&oacute; mới đến nội dung, đồng thời c&aacute;c th&ocirc;ng b&aacute;o được sắp xếp theo dạng thẻ rất trực quan.</p>\r\n\r\n<p>&nbsp;</p>\r\n\r\n<p><img alt="" src="https://cdn.sforum.vn/sforum/wp-content/uploads/2023/10/trai-nghiem-galaxy-watch-2-pro-8.jpg" style="height:800px; width:1200px" /></p>\r\n\r\n<p>&nbsp;</p>\r\n\r\n<p>Ngo&agrave;i ra chiếc đồng hồ th&ocirc;ng minh n&agrave;y c&ograve;n cho ph&eacute;p bạn trả lời tin nhắn trực tiếp ngay tr&ecirc;n m&agrave;n h&igrave;nh với&nbsp;<a href="https://cellphones.com.vn/phu-kien/chuot-ban-phim-may-tinh.html" title="bàn phím">b&agrave;n ph&iacute;m</a>&nbsp;qwerty quen thuộc. Tuy nhi&ecirc;n m&igrave;nh khuy&ecirc;n c&aacute;c bạn kh&ocirc;ng n&ecirc;n l&agrave;m kh&oacute; m&igrave;nh, r&uacute;t&nbsp;<a href="https://cellphones.com.vn/mobile.html" title="điện thoại">điện thoại</a>&nbsp;ra vẫn nhanh v&agrave; khỏe hơn nhiều.</p>\r\n\r\n<p>&nbsp;</p>\r\n\r\n<p><img alt="" src="https://cdn.sforum.vn/sforum/wp-content/uploads/2023/10/trai-nghiem-galaxy-watch-2-pro-9-scaled.jpg" style="height:1707px; width:2560px" /></p>\r\n\r\n<p>&nbsp;</p>\r\n\r\n<p>Ngo&agrave;i ra chiếc đồng hồ th&ocirc;ng minh nh&agrave; Xiaomi c&ograve;n hiển thị c&aacute;c banner quảng c&aacute;o, icon ứng dụng của c&aacute;c app Lazada, Shoppe,... một c&aacute;ch sinh động v&agrave; đầy đủ. Tuy nhi&ecirc;n đ&aacute;ng tiếc l&agrave; c&aacute;c h&igrave;nh ảnh được gửi qua Facebook,&nbsp;<a href="https://cellphones.com.vn/sforum/tag/thu-thuat-zalo" title="Zalo">Zalo</a>&nbsp;lại kh&ocirc;ng hiển thị.</p>\r\n\r\n<p>&nbsp;</p>\r\n\r\n<p><img alt="" src="https://cdn.sforum.vn/sforum/wp-content/uploads/2023/10/trai-nghiem-galaxy-watch-2-pro-5.jpg" style="height:800px; width:1200px" /></p>\r\n\r\n<p>&nbsp;</p>\r\n\r\n<p>Nghe gọi l&agrave; t&iacute;nh năng kh&ocirc;ng thể thiếu tr&ecirc;n chiếc đồng hồ n&agrave;y v&agrave; cũng kh&ocirc;ng c&oacute; g&igrave; qu&aacute; đặc biệt khi c&aacute;c sản phẩm thuộc ph&acirc;n kh&uacute;c thấp hơn vẫn c&oacute; khả năng nhận hoặc từ chối cuộc gọi. Nh&igrave;n chung chất lượng &acirc;m thanh hay khả năng thu &acirc;m đều rất tốt v&agrave; khả năng đồng bộ danh bạ với đồng hồ cũng l&agrave; một điểm cộng.</p>\r\n\r\n<p>&nbsp;</p>\r\n\r\n<p><a href="https://cdn.sforum.vn/sforum/wp-content/uploads/2023/10/trai-nghiem-galaxy-watch-2-pro-7.jpg" title=""><img alt="" src="https://cdn.sforum.vn/sforum/wp-content/uploads/2023/10/trai-nghiem-galaxy-watch-2-pro-7.jpg" style="height:853px; width:1280px" /></a></p>\r\n\r\n<p><a href="https://cdn.sforum.vn/sforum/wp-content/uploads/2023/10/trai-nghiem-galaxy-watch-2-pro-6.jpg" title=""><img alt="" src="https://cdn.sforum.vn/sforum/wp-content/uploads/2023/10/trai-nghiem-galaxy-watch-2-pro-6.jpg" style="height:853px; width:1280px" /></a></p>\r\n\r\n<p>&nbsp;</p>\r\n\r\n<h2><strong>Theo d&otilde;i sức khỏe v&agrave; luyện tập</strong></h2>\r\n\r\n<p>&nbsp;</p>\r\n\r\n<p>B&ecirc;n cạnh c&aacute;c chế độ theo d&otilde;i sức khỏe thường thấy như đo nhịp tim, theo d&otilde;i giấc ngủ, SPO2,... thường thấy th&igrave; nay chiếc smartwatch nh&agrave; Xiaomi đ&atilde; được bổ sung th&ecirc;m t&iacute;nh năng đo chỉ số cơ thể tương tự như đo BIA tr&ecirc;n c&aacute;c d&ograve;ng&nbsp;<a href="https://cellphones.com.vn/mobile/samsung.html" title="Samsung">Samsung</a>&nbsp;Watch. C&aacute;ch đo cũng kh&aacute; đơn giản chỉ cần đặt ng&oacute;n giữa v&agrave; ng&oacute;n &aacute;p &uacute;t v&agrave;o 2 n&uacute;t nhấn b&ecirc;n cạnh v&agrave; đợi một ch&uacute;t l&agrave; sẽ c&oacute; kết quả.</p>\r\n\r\n<p>&nbsp;</p>\r\n\r\n<p><img src="https://cdn.sforum.vn/sforum/wp-content/uploads/2023/10/trai-nghiem-galaxy-watch-2-pro-10-Futon-PC.jpg" /></p>\r\n\r\n<p>&nbsp;</p>\r\n\r\n<p><img src="https://cdn.sforum.vn/sforum/wp-content/uploads/2023/10/trai-nghiem-galaxy-watch-2-pro-11.jpg" /></p>\r\n\r\n<p>&nbsp;</p>\r\n\r\n<p><img src="https://cdn.sforum.vn/sforum/wp-content/uploads/2023/10/trai-nghiem-galaxy-watch-2-pro-12-Futon-PC.jpg" /></p>\r\n\r\n<p>&nbsp;</p>\r\n\r\n<p>Kết quả sẽ hiển thị một c&aacute;ch trực quan, đầy đủ v&agrave; chi tiết c&aacute;c th&agrave;nh phần như: muối, nước, mỡ, protein, khối lượng xương, cơ bắp, mức calo, c&acirc;n nặng được khuyến nghị. Với mỗi chỉ số sẽ được thể hiện với c&aacute;c mức kh&aacute;c nhau trong đ&oacute; xanh dương l&agrave; thấp hay thiếu hụt, xanh l&aacute; l&agrave; l&yacute; tưởng hay b&igrave;nh thường, v&agrave;ng v&agrave; cam thể hiện sự dư thừa. Tuy nhi&ecirc;n theo nh&agrave; sản xuất tất cả c&aacute;c chỉ số n&agrave;y chỉ c&oacute; gi&aacute; trị tham khảo kh&ocirc;ng thể d&ugrave;ng để chữa bệnh.</p>\r\n\r\n<p>&nbsp;</p>\r\n\r\n<p><img alt="" src="https://cdn.sforum.vn/sforum/wp-content/uploads/2023/11/xiaomi-watch-2-pro-bia.jpg" style="height:809px; width:1800px" /></p>\r\n\r\n<p>&nbsp;</p>\r\n\r\n<p>Xiaomi Watch 2 Pro hỗ trợ 150 b&agrave;i luyện tập kh&aacute;c nhau v&agrave; trong đ&oacute; c&oacute; cả những bộ m&ocirc;n thể thao điện tử. Tuy nhi&ecirc;n nhu cầu của m&igrave;nh chỉ dừng lại ở 2 bộ m&ocirc;n l&agrave; chạy bộ v&agrave; bơi lội. Đối với chạy bộ chiếc đồng hồ th&ocirc;ng minh n&agrave;y cho khả năng đo lượng calo ti&ecirc;u thụ, đo nhịp tim, cảnh b&aacute;o khi nhịp tim tăng cao bất thường, đo qu&atilde;ng đường như c&aacute;c sản phẩm kh&aacute;c c&ugrave;ng ph&acirc;n kh&uacute;c.</p>\r\n\r\n<p>&nbsp;</p>\r\n\r\n<p><img src="https://cdn.sforum.vn/sforum/wp-content/uploads/2023/10/trai-nghiem-galaxy-watch-2-pro-18.jpg" /></p>\r\n\r\n<p>&nbsp;</p>\r\n\r\n<p><img src="https://cdn.sforum.vn/sforum/wp-content/uploads/2023/10/trai-nghiem-galaxy-watch-2-pro-19-Futon-PC.jpg" /></p>\r\n\r\n<p>&nbsp;</p>\r\n\r\n<p>Sau khi kết th&uacute;c qu&aacute; tr&igrave;nh tập luyện bạn c&oacute; thể xem lại mức độ hiệu quả th&ocirc;ng qua app Mi Fitness với giao diện trực quan từ đ&oacute; c&oacute; thể điều chỉnh lại c&aacute;ch tập luyện sao cho ph&ugrave; hợp để tr&aacute;nh chấn thương.</p>\r\n\r\n<p>&nbsp;</p>\r\n\r\n<p><img src="https://cdn.sforum.vn/sforum/wp-content/uploads/2023/10/trai-nghiem-galaxy-watch-2-pro-17.jpg" /></p>\r\n\r\n<p>&nbsp;</p>\r\n\r\n<p><img src="https://cdn.sforum.vn/sforum/wp-content/uploads/2023/10/trai-nghiem-galaxy-watch-2-pro-16-Futon-PC.jpg" /></p>\r\n\r\n<p>&nbsp;</p>\r\n\r\n<p>Hay với b&agrave;i tập leo cầu thang sau 2 ph&uacute;t tập th&igrave; đồng hồ đo được m&igrave;nh đ&atilde; ti&ecirc;u thụ hết 16 kcal, nhịp tim đạt 137 BPM. Khi nhịp tim qu&aacute; cao đồng hồ sẽ đưa ra cảnh b&aacute;o tr&aacute;nh việc tập qu&aacute; sức dễ g&acirc;y ra chấn thương.</p>\r\n\r\n<p>&nbsp;</p>\r\n\r\n<p><img alt="" src="https://cdn.sforum.vn/sforum/wp-content/uploads/2023/10/Xiaomi-watch-2-pro-danh-gia-15.jpg" style="height:800px; width:1200px" /></p>\r\n\r\n<p>&nbsp;</p>\r\n\r\n<p>Xiaomi Watch 2 Pro được trang bị khả năng kh&aacute;ng nước 5ATM n&ecirc;n bạn ho&agrave;n to&agrave;n sử dụng cho việc bơi lội. Chiếc đồng hồ n&agrave;y đo qu&atilde;ng đường bơi tương đối ch&iacute;nh x&aacute;c tuy nhi&ecirc;n bạn cần phải bấm tạm dừng sau mỗi v&ograve;ng bơi nếu kh&ocirc;ng kết quả sẽ bị lệch kh&aacute; nhiều.</p>\r\n\r\n<p>&nbsp;</p>\r\n\r\n<p><img alt="" src="https://cdn.sforum.vn/sforum/wp-content/uploads/2023/11/xiaomi-watch-2-pro-boi.jpg" style="height:800px; width:1200px" /></p>\r\n\r\n<p>&nbsp;</p>\r\n\r\n<h2><strong>Tổng kết</strong></h2>\r\n\r\n<p>&nbsp;</p>\r\n\r\n<p>Vậy Xiaomi Watch 2 Pro c&oacute; đ&aacute;ng mua hay kh&ocirc;ng? c&acirc;u trả lời của m&igrave;nh l&agrave; c&oacute;. Xiaomi Watch 2 Pro sở hữu thiết kế mạnh mẽ, thanh lịch v&agrave; bền bỉ c&oacute; thể sử dụng để đi sự kiện, tập luyện, đi l&agrave;m hay đi chơi đều ph&ugrave; hợp. Nhưng Xiaomi n&ecirc;n cải thiện th&ecirc;m cho d&ograve;ng sản phẩm n&agrave;y ở phần mềm, mặt đồng hồ cũng như nếu c&oacute; thể t&ugrave;y chọn k&iacute;ch thước th&igrave; sẽ tuyệt vời hơn.</p>\r\n\r\n<p>&nbsp;</p>\r\n\r\n<p>B&ecirc;n cạnh đ&oacute; hệ điều h&agrave;nh mới WearOS cho trải nghiệm mượt m&agrave;, c&ugrave;ng nhiều ứng dụng hỗ trợ tối đa cho cuộc sống hằng ng&agrave;y như: Google Map, Youtube Music,... Ngo&agrave;i ra c&aacute;c tiện &iacute;ch về sức khỏe cũng l&agrave; một điểm cộng tr&ecirc;n chiếc đồng hồ n&agrave;y.</p>', '/storage/images_blog/lOnhPCswiu_Xiaomi-watch-2-pro-danh-gia-24-e1698918244303.jpg', '2023-11-05 06:58:44', '2023-11-05 06:58:44'),
	(2, 29, 'Samsung đang phát triển Galaxy Z Flip5 Maison Margiela, sẽ sớm ra mắt', '<p><strong><a href="https://cellphones.com.vn/mobile/samsung.html" title="Samsung">Samsung</a>&nbsp;được cho l&agrave; đang hợp t&aacute;c với thương hiệu thời trang Maison Margiela một lần nữa để ph&aacute;t h&agrave;nh phi&ecirc;n bản đặc biệt Galaxy Z Flip5. Hai c&ocirc;ng ty đ&atilde; hợp t&aacute;c tạo ra phi&ecirc;n bản đặc biệt Galaxy Z Flip4 v&agrave;o năm ngo&aacute;i.&nbsp;</strong></p>\r\n\r\n<p>&nbsp;</p>\r\n\r\n<p>Phi&ecirc;n bản đặc biệt mới Galaxy Z Flip5 dự kiến ​​sẽ c&oacute; th&ocirc;ng số kỹ thuật b&ecirc;n trong giống như model ti&ecirc;u chuẩn nhưng c&oacute; một số thay đổi về mặt thiết kế.</p>\r\n\r\n<p>&nbsp;</p>\r\n\r\n<p><img alt="Galaxy Z Flip5 Maison Margiela" src="https://cdn.sforum.vn/sforum/wp-content/uploads/2023/11/Galaxy-Z-Flip-dac-biet-2.jpeg" style="height:503px; width:960px" /></p>\r\n\r\n<p>Galaxy Z Flip5 Maison Margiela</p>\r\n\r\n<p>&nbsp;</p>\r\n\r\n<p>Những h&igrave;nh ảnh bị r&ograve; rỉ cho thấy&nbsp;<a href="https://cellphones.com.vn/mobile.html" title="điện thoại">điện thoại</a>&nbsp;sẽ c&oacute; t&iacute;nh thẩm mỹ, với thiết kế lấy cảm hứng từ graffiti ở b&ecirc;n trong vỏ v&agrave; lớp da trang nh&atilde;, mang phong c&aacute;ch cổ điển ở b&ecirc;n ngo&agrave;i.</p>\r\n\r\n<p>&nbsp;</p>\r\n\r\n<p>Vẫn chưa c&oacute; th&ocirc;ng tin g&igrave; về gi&aacute; cả hoặc ng&agrave;y mở b&aacute;n của phi&ecirc;n bản Galaxy Z Flip5 Maison Margiela. Tuy nhi&ecirc;n, n&oacute; dự kiến ​​sẽ được ph&aacute;t h&agrave;nh với số lượng hạn chế, giống như phi&ecirc;n bản tiền nhiệm.</p>\r\n\r\n<p>&nbsp;</p>\r\n\r\n<p><img alt="Galaxy Z Flip5 Maison Margiela có thiết kế khá đặc biệt" src="https://cdn.sforum.vn/sforum/wp-content/uploads/2023/11/Galaxy-Z-Flip-dac-biet-3.jpeg" style="height:640px; width:960px" /></p>\r\n\r\n<p>Galaxy Z Flip5 Maison Margiela c&oacute; thiết kế kh&aacute; đặc biệt</p>\r\n\r\n<p>&nbsp;</p>\r\n\r\n<p>Phi&ecirc;n bản đặc biệt năm ngo&aacute;i chỉ được cung cấp ở Hồng K&ocirc;ng, Ph&aacute;p v&agrave; H&agrave;n Quốc. Vẫn c&ograve;n phải xem liệu phi&ecirc;n bản Galaxy Z Flip5 Maison Margiela c&oacute; được ph&aacute;t h&agrave;nh ở nhiều quốc gia hơn hay kh&ocirc;ng.</p>\r\n\r\n<p>&nbsp;</p>\r\n\r\n<p>Đ&acirc;y kh&ocirc;ng phải l&agrave; phi&ecirc;n bản đặc biệt duy nhất của Galaxy Z Flip5 m&agrave; Samsung tung ra. Nếu bạn th&iacute;ch phong c&aacute;ch cổ điển hơn, h&atilde;y xem x&eacute;t Galaxy Z Flip5 Retro Edition m&agrave; c&ocirc;ng ty H&agrave;n Quốc vừa ra mắt gần đ&acirc;y.</p>', '/storage/images_blog/VUfeR34e50_Galaxy-Z-Flip-dac-biet-1.jpeg', '2023-11-05 07:00:33', '2023-11-05 07:00:33'),
	(4, 29, 'Nên mua Galaxy S23 ngay bây giờ hay chờ Galaxy S24?', '<h2><strong>L&yacute; do n&ecirc;n mua Galaxy S23 ngay b&acirc;y giờ</strong></h2>\r\n\r\n<p>&nbsp;</p>\r\n\r\n<p>Mặc d&ugrave;&nbsp;<a href="https://cellphones.com.vn/mobile/samsung.html" title="Samsung">Samsung</a>&nbsp;đ&atilde; ra mắt d&ograve;ng Galaxy S23 c&aacute;ch đ&acirc;y 10 th&aacute;ng nhưng kh&ocirc;ng thể phủ nhận rằng, ch&uacute;ng vẫn l&agrave; những điện thoại tốt, chất lượng nhất hiện nay. Trong đ&oacute;,&nbsp;<a href="https://cellphones.com.vn/samsung-galaxy-s23-ultra.html" title="Galaxy S23 Ultra">Galaxy S23 Ultra</a>&nbsp;c&oacute; thiết kế cực kỳ cao cấp, hiệu năng si&ecirc;u mạnh v&agrave; sở hữu hệ thống camera tuyệt vời, c&oacute; thể đ&aacute;p ứng tốt mọi nhu cầu nhiếp ảnh di động của người d&ugrave;ng.</p>\r\n\r\n<p>&nbsp;</p>\r\n\r\n<p>Bộ đ&ocirc;i Galaxy S23 v&agrave;&nbsp;<a href="https://cellphones.com.vn/samsung-galaxy-s23-plus.html" title="Galaxy S23 Plus">Galaxy S23 Plus</a>&nbsp;cũng mang đến trải nghiệm cực kỳ cao cấp, từ thiết kế, cấu h&igrave;nh cho đến t&iacute;nh năng. Cả hai đều sở hữu thiết kế nh&ocirc;m - k&iacute;nh hai mặt, c&oacute; hiệu năng si&ecirc;u mạnh đến từ con chip Snapdragon 8 Gen 2 for Galaxy, m&agrave;n h&igrave;nh tuyệt đẹp v&agrave; hệ thống camera chất lượng.</p>\r\n\r\n<p>&nbsp;</p>\r\n\r\n<p><img alt="Galaxy S23 Ultra" src="https://cdn2.cellphones.com.vn/960x/https://cdn.sforum.vn/sforum/wp-content/uploads/2023/10/samsung-galaxy-s23-ultra-8.jpg" style="height:800px; width:1200px" /></p>\r\n\r\n<p>Galaxy S23 Ultra</p>\r\n\r\n<p>&nbsp;</p>\r\n\r\n<p>Chưa hết, loạt flagship Galaxy S mới nhất của Samsung c&ograve;n đi k&egrave;m RAM &iacute;t nhất 8GB v&agrave; dung lượng lưu trữ tối thiểu 128GB. Cấu h&igrave;nh n&agrave;y dư sức xử l&yacute; tốt một t&aacute;c vụ sử dụng h&agrave;ng ng&agrave;y của người d&ugrave;ng, kể cả khi họ chơi những tựa&nbsp;<a href="https://cellphones.com.vn/sforum/s-games" title="game">game</a>&nbsp;đồ họa nặng.</p>\r\n\r\n<p>&nbsp;</p>\r\n\r\n<p>Galaxy S23 series c&ograve;n l&agrave; những chiếc flagship đầu ti&ecirc;n của Samsung được cập nhật phần mềm l&ecirc;n OneUI 6.0 dựa tr&ecirc;n hệ điều h&agrave;nh Android 14. C&ocirc;ng ty H&agrave;n Quốc c&ograve;n hứa hẹn mang tới 4 bản cập nhật Android lớn v&agrave; 5 năm v&aacute; bảo mật cho c&aacute;c điện thoại n&agrave;y. Do đ&oacute;, người mua c&aacute;c flagship n&agrave;y hiện tại vẫn c&oacute; thể được trải nghiệm c&aacute;c t&iacute;nh năng mới nhất của hệ điều h&agrave;nh Android cho đến năm 2027.</p>\r\n\r\n<p>&nbsp;</p>\r\n\r\n<p><img alt="Galaxy S23 và Galaxy S23 Plus" src="https://cdn2.cellphones.com.vn/960x/https://cdn.sforum.vn/sforum/wp-content/uploads/2023/02/samsung-galaxy-s23-s23-plus.jpeg" style="height:540px; width:960px" /></p>\r\n\r\n<p>Galaxy S23 v&agrave; Galaxy S23 Plus</p>\r\n\r\n<p>&nbsp;</p>\r\n\r\n<p>Cuối c&ugrave;ng, Galaxy S23 series đ&atilde; l&ecirc;n kệ 10 th&aacute;ng n&ecirc;n hiện bạn c&oacute; thể mua ch&uacute;ng với mức gi&aacute; rẻ hơn kh&aacute; nhiều so với ban đầu.</p>\r\n\r\n<p>&nbsp;</p>\r\n\r\n<h2><strong>Tại sao bạn n&ecirc;n đợi Samsung Galaxy S24</strong></h2>\r\n\r\n<p>&nbsp;</p>\r\n\r\n<p>Mặc d&ugrave; Galaxy S23 series vẫn l&agrave; những điện thoại chất lượng nhưng d&ograve;ng Galaxy S24 đ&atilde; sẵn s&agrave;ng để trở th&agrave;nh mẫu m&aacute;y kế nhiệm tuyệt vời. Đầu ti&ecirc;n,&nbsp;<a href="https://cellphones.com.vn/samsung-galaxy-s24-ultra.html" title="Galaxy S24 Ultra">Galaxy S24 Ultra</a>&nbsp;được đồn đại sẽ nhận được những cải tiến ấn tượng về thiết kế với m&agrave;n h&igrave;nh phẳng thay v&igrave; cong như thế hệ trước, khung viền titan bền, nhẹ hơn v&agrave; th&acirc;n m&aacute;y mỏng hơn.</p>\r\n\r\n<p>&nbsp;</p>\r\n\r\n<p>Samsung cũng được cho l&agrave; sẽ mang đến những cải tiến nhẹ về thiết kế cho bộ đ&ocirc;i Galaxy S24 v&agrave;&nbsp;<a href="https://cellphones.com.vn/samsung-galaxy-s24-plus.html" title="S24 Plus">S24 Plus</a>&nbsp;với khung viền phẳng hơn cũng như viền bezel m&agrave;n h&igrave;nh mỏng hơn.</p>\r\n\r\n<p>&nbsp;</p>\r\n\r\n<p><img alt="Galaxy S24 và Galaxy S24 Plus" src="https://cdn2.cellphones.com.vn/960x/https://cdn.sforum.vn/sforum/wp-content/uploads/2023/11/mo-hinh-galaxy-s24-series-3.jpeg" style="height:1280px; width:960px" /></p>\r\n\r\n<p>Galaxy S24 v&agrave; Galaxy S24 Plus</p>\r\n\r\n<p>&nbsp;</p>\r\n\r\n<p>Đ&aacute;ng ch&uacute; &yacute;, Samsung c&ograve;n được đồn đại sẽ trang bị m&agrave;n h&igrave;nh c&oacute; độ s&aacute;ng l&ecirc;n tới 2,500 nits cho d&ograve;ng Galaxy S24, gi&uacute;p người d&ugrave;ng sử dụng ch&uacute;ng ngo&agrave;i trời hay dưới nguồn s&aacute;ng mạnh tốt hơn.</p>\r\n\r\n<p>&nbsp;</p>\r\n\r\n<p>Ngo&agrave;i ra, c&aacute;c điện thoại Galaxy S24 đều sẽ được trang bị chipset Snapdragon 8 Gen 3 hoặc Exynos 2400. Đ&acirc;y đều l&agrave; những bộ xử l&yacute; mới, mạnh mẽ nhất của Qualcomm cũng như Samsung ở thời điểm hiện tại,</p>\r\n\r\n<p>&nbsp;</p>\r\n\r\n<p><img alt="Thiết kế mặt sau dòng Galaxy S24" src="https://cdn2.cellphones.com.vn/960x/https://cdn.sforum.vn/sforum/wp-content/uploads/2023/11/render-Galaxy-S24-series-3.jpeg" style="height:540px; width:960px" /></p>\r\n\r\n<p>Thiết kế mặt sau d&ograve;ng Galaxy S24</p>\r\n\r\n<p>&nbsp;</p>\r\n\r\n<p>Một n&acirc;ng cấp lớn kh&aacute;c m&agrave; ch&uacute;ng ta mong đợi sẽ thấy v&agrave;o năm 2023 l&agrave; việc tăng dung lượng pin cho c&aacute;c mẫu ti&ecirc;u chuẩn v&agrave; Plus. C&aacute;c tin đồn cho thấy Galaxy S24 v&agrave; Galaxy S24 Plus sẽ c&oacute; pin 4,000 mAh v&agrave; 4,900 mAh, tương ứng. Đ&acirc;y l&agrave; mức tăng nhẹ so với thế hệ trước nhưng vẫn hứa hẹn mang tới thời gian sử dụng tốt hơn cho người d&ugrave;ng. C&ograve;n S24 Ultra sẽ tiếp tục sử dụng pin 5,000 mAh như S23 Ultra.</p>\r\n\r\n<p>&nbsp;</p>\r\n\r\n<p>Về khả năng nhiếp ảnh, trong khi bộ đ&ocirc;i Galaxy S24 v&agrave; S24 Plus c&oacute; hệ thống 3 camera sau 50MP + 12MP + 10MP như thế hệ trước th&igrave; S24 Ulta sẽ được Samsung mang đến một số cải tiến m&aacute;y ảnh để mang đến trải nghiệm nhiếp ảnh di động tốt hơn cho người d&ugrave;ng. Theo đ&oacute;, mẫu m&aacute;y kế nhiệm của S23 Ultra vẫn c&oacute; camera ch&iacute;nh 200MP chất lượng, m&aacute;y ảnh 12MP cho g&oacute;c chụp si&ecirc;u rộng, camera tele 10MP hỗ trợ zoom quang học 3x v&agrave; đi k&egrave;m m&aacute;y ảnh 50MP mới hỗ trợ zoom quang học 5x thay cho camera tele 10MP 10x.</p>\r\n\r\n<p>&nbsp;</p>\r\n\r\n<p><img alt="Camera Galaxy S24 Ultra" src="https://cdn2.cellphones.com.vn/960x/https://cdn.sforum.vn/sforum/wp-content/uploads/2023/11/render-Galaxy-S24-series-8.jpeg" style="height:540px; width:960px" /></p>\r\n\r\n<p>Camera Galaxy S24 Ultra</p>\r\n\r\n<p>&nbsp;</p>\r\n\r\n<p>Cuối c&ugrave;ng, Samsung đ&atilde; kh&ocirc;ng tăng gi&aacute; điện thoại Galaxy S của m&igrave;nh trong hai năm qua. C&oacute; thể năm 2024 c&oacute; thể kh&aacute;c nhưng t&iacute;nh đến thời điểm hiện tại, ch&uacute;ng ta kh&ocirc;ng thấy bất kỳ th&ocirc;ng tin g&igrave; cho thấy Galaxy S24 series sẽ đắt hơn thế hệ trước.</p>\r\n\r\n<p>&nbsp;</p>\r\n\r\n<h2><strong>Mua Galaxy S23 hay chờ Galaxy S24 sẽ tốt hơn?</strong></h2>\r\n\r\n<p>&nbsp;</p>\r\n\r\n<p>Cho đến nay, c&aacute;c mẫu flagship Galaxy S của Samsung chưa bao giờ l&agrave;m người d&ugrave;ng thất vọng. Nếu bạn l&agrave; SamFan ch&acirc;n ch&iacute;nh hay l&agrave; d&acirc;n đam m&ecirc;&nbsp;<a href="https://cellphones.com.vn/sforum" title="công nghệ">c&ocirc;ng nghệ</a>, muốn sở hữu những t&iacute;nh năng mới, tốt nhất của Samsung trong năm sau th&igrave; h&atilde;y chờ Galaxy S24 series. C&ograve;n nếu bạn chỉ đơn giản cần một chiếc điện thoại để phục vụ nhu cầu sử dụng h&agrave;ng ng&agrave;y th&igrave; d&ograve;ng Galaxy S23 hiện tại đ&atilde; dư sức đ&aacute;p ứng tốt.</p>', '/storage/images_blog/oKC3nbEq8F_Galaxy-S24.jpeg', '2023-12-23 11:29:35', '2023-12-23 11:29:35'),
	(5, 29, 'Galaxy S24 Ultra vừa đạt thêm một bước tiến quan trọng trước khi ra mắt', '<p>Chỉ c&ograve;n khoảng hai th&aacute;ng trước khi ra mắt, c&ocirc;ng ty đ&atilde; bắt đầu gửi c&aacute;c thiết bị n&agrave;y đến c&aacute;c cơ quan chứng nhận kh&aacute;c nhau. Trở lại v&agrave;o th&aacute;ng 9, ch&uacute;ng ta đ&atilde; thấy&nbsp;<strong><a href="https://cellphones.com.vn/mobile/samsung/galaxy-s/s24-series.html">Galaxy S24 series</a></strong>&nbsp;đạt được chứng nhận 3C. Giờ đ&acirc;y, Galaxy S24 Ultra đ&atilde; được ph&aacute;t hiện tr&ecirc;n nền tảng của Cục Ti&ecirc;u chuẩn Ấn Độ (BIS).</p>\r\n\r\n<p>&nbsp;</p>\r\n\r\n<p><img alt="Galaxy S24 Ultra đạt chứng nhận BIS" src="https://cdn2.cellphones.com.vn/960x/https://cdn.sforum.vn/sforum/wp-content/uploads/2023/11/Samsung-Galaxy-S24-Ultra-BIS-1.jpeg" style="height:67px; width:960px" /></p>\r\n\r\n<p>Galaxy S24 Ultra đạt chứng nhận BIS</p>\r\n\r\n<p>&nbsp;</p>\r\n\r\n<p>Theo trang Sammobile, mẫu m&aacute;y kế nhiệm của&nbsp;<a href="https://cellphones.com.vn/samsung-galaxy-s23-ultra.html" title="Galaxy S23 Ultra">Galaxy S23 Ultra</a>&nbsp;đ&atilde; được cơ quan BIS ph&ecirc; duyệt với số model SM-S928B. Đ&aacute;ng tiếc l&agrave; giống như hầu hết c&aacute;c chứng nhận kh&aacute;c, danh s&aacute;ch BIS kh&ocirc;ng tiết lộ nhiều th&ocirc;ng tin về cấu h&igrave;nh của Galaxy S24 Ultra, nhưng đ&acirc;y l&agrave; dấu hiệu cho thấy n&oacute; đ&atilde; sẵn s&agrave;ng tiến ra thị trường.</p>\r\n\r\n<p>&nbsp;</p>\r\n\r\n<p><img alt="Ảnh render Galaxy S24 Ultra" src="https://cdn2.cellphones.com.vn/960x/https://cdn.sforum.vn/sforum/wp-content/uploads/2023/11/Samsung-Galaxy-S24-Ultra-BIS-cover.jpeg" style="height:540px; width:960px" /></p>\r\n\r\n<p>Ảnh render Galaxy S24 Ultra</p>\r\n\r\n<p>&nbsp;</p>\r\n\r\n<p>Galaxy S24 Ultra được đồn đại l&agrave; c&oacute; thiết kế giống với mẫu m&aacute;y tiền nhiệm của n&oacute; -&nbsp;<a href="https://cellphones.com.vn/mobile/samsung/galaxy-s/s23-series.html" title="Galaxy S23">Galaxy S23</a>&nbsp;Ultra. Tuy nhi&ecirc;n, Samsung được cho l&agrave; sẽ mang tới một v&agrave;i cải tiến, bao gồm phần viền bezel mỏng v&agrave; đều hơn. Chưa hết,&nbsp;<a href="https://cellphones.com.vn/man-hinh.html" title="màn hình">m&agrave;n h&igrave;nh</a>&nbsp;mẫu flagship tiếp theo của c&ocirc;ng ty H&agrave;n Quốc sẽ sử dụng m&agrave;n h&igrave;nh phẳng với một đường cong nhẹ về ph&iacute;a phần k&iacute;nh tiếp x&uacute;c với khung titan.</p>\r\n\r\n<p>&nbsp;</p>\r\n\r\n<p>Về cấu h&igrave;nh, Galaxy S24 Ultra dự kiến ​​​​sẽ c&oacute; m&agrave;n h&igrave;nh AMOLED với độ s&aacute;ng 2,500 nits, SoC Qualcomm Snapdragon 8 Gen 3, RAM l&ecirc;n tới 16GB v&agrave; bộ nhớ trong 1TB, thiết lập bốn&nbsp;<a href="https://cellphones.com.vn/phu-kien/camera.html" title="camera">camera</a>&nbsp;ở ph&iacute;a sau với cảm biến ch&iacute;nh 200MP, camera tele 5x, v&agrave; pin 5,000mAh với tốc độ sạc 45W.</p>', '/storage/images_blog/akuRxmfgae_Samsung-Galaxy-S24-Ultra-BIS-cover.jpeg', '2023-12-23 11:30:36', '2023-12-23 11:30:36');

-- Dumping structure for table doan.products
CREATE TABLE IF NOT EXISTS `products` (
  `product_id` int(11) NOT NULL AUTO_INCREMENT,
  `product_name` varchar(50) NOT NULL,
  `category_id` tinyint(3) unsigned DEFAULT NULL,
  `brand_id` tinyint(3) unsigned DEFAULT NULL,
  `product_image` text NOT NULL,
  `product_price_buy` int(11) NOT NULL,
  `product_price_sell` int(11) NOT NULL,
  `product_amount` int(11) NOT NULL,
  `product_sale` int(11) NOT NULL,
  `product_attribute` text NOT NULL,
  `product_detail` text NOT NULL,
  `product_keyword` text NOT NULL,
  `product_description` text NOT NULL,
  PRIMARY KEY (`product_id`),
  KEY `products_category_id_foreign` (`category_id`),
  KEY `products_brand_id_foreign` (`brand_id`),
  CONSTRAINT `products_brand_id_foreign` FOREIGN KEY (`brand_id`) REFERENCES `brands` (`brand_id`) ON DELETE SET NULL,
  CONSTRAINT `products_category_id_foreign` FOREIGN KEY (`category_id`) REFERENCES `categorys` (`category_id`) ON DELETE SET NULL
) ENGINE=InnoDB AUTO_INCREMENT=22 DEFAULT CHARSET=utf8mb4 COLLATE=utf8mb4_unicode_ci;

-- Dumping data for table doan.products: ~20 rows (approximately)
REPLACE INTO `products` (`product_id`, `product_name`, `category_id`, `brand_id`, `product_image`, `product_price_buy`, `product_price_sell`, `product_amount`, `product_sale`, `product_attribute`, `product_detail`, `product_keyword`, `product_description`) VALUES
	(2, 'iPhone 14 Pro Max 128GB | Chính hãng VN/A', 6, 2, '/storage/images_product/w9c3hnSOnz_iphone-14-pro_2__5.webp', 27290000, 28290000, 9, 0, '<p>ĐẶC ĐIỂM NỔI BẬT M&agrave;n h&igrave;nh Dynamic Island - Sự biến mất của m&agrave;n h&igrave;nh tai thỏ thay thế bằng thiết kế vi&ecirc;n thuốc, OLED 6,7 inch, hỗ trợ always-on display Cấu h&igrave;nh iPhone 14 Pro Max mạnh mẽ, hiệu năng cực khủng từ chipset A16 Bionic L&agrave;m chủ c&ocirc;ng nghệ nhiếp ảnh - Camera sau 48MP, cảm biến TOF sống động Pin liền lithium-ion kết hợp c&ugrave;ng c&ocirc;ng nghệ sạc nhanh cải tiến iPhone 14 Pro Max sở hữu thiết kế m&agrave;n h&igrave;nh Dynamic Island ấn tượng c&ugrave;ng m&agrave;n h&igrave;nh OLED 6,7 inch hỗ trợ always-on display v&agrave; hiệu năng vượt trội với chip A16 Bionic. B&ecirc;n cạnh đ&oacute; m&aacute;y c&ograve;n sở hữu nhiều n&acirc;ng cấp về camera với cụm camera sau 48MP, camera trước 12MP d&ugrave;ng bộ nhớ RAM 6GB đa nhiệm vượt trội. C&ugrave;ng ph&acirc;n t&iacute;ch chi tiết th&ocirc;ng số si&ecirc;u phẩm n&agrave;y ngay sau đ&acirc;y.</p>', '<p>ĐẶC ĐIỂM NỔI BẬT M&agrave;n h&igrave;nh Dynamic Island - Sự biến mất của m&agrave;n h&igrave;nh tai thỏ thay thế bằng thiết kế vi&ecirc;n thuốc, OLED 6,7 inch, hỗ trợ always-on display Cấu h&igrave;nh iPhone 14 Pro Max mạnh mẽ, hiệu năng cực khủng từ chipset A16 Bionic L&agrave;m chủ c&ocirc;ng nghệ nhiếp ảnh - Camera sau 48MP, cảm biến TOF sống động Pin liền lithium-ion kết hợp c&ugrave;ng c&ocirc;ng nghệ sạc nhanh cải tiến iPhone 14 Pro Max sở hữu thiết kế m&agrave;n h&igrave;nh Dynamic Island ấn tượng c&ugrave;ng m&agrave;n h&igrave;nh OLED 6,7 inch hỗ trợ always-on display v&agrave; hiệu năng vượt trội với chip A16 Bionic. B&ecirc;n cạnh đ&oacute; m&aacute;y c&ograve;n sở hữu nhiều n&acirc;ng cấp về camera với cụm camera sau 48MP, camera trước 12MP d&ugrave;ng bộ nhớ RAM 6GB đa nhiệm vượt trội. C&ugrave;ng ph&acirc;n t&iacute;ch chi tiết th&ocirc;ng số si&ecirc;u phẩm n&agrave;y ngay sau đ&acirc;y.</p>', 'iPhone 14 Pro Max 128GB | Chính hãng VN/A', 'iPhone 14 Pro Max 128GB | Chính hãng VN/A'),
	(3, 'iPhone 15 128GB | Chính hãng VN/A', 6, 2, '/storage/images_product/nZw0LwFsNg_iphone-15-plus_1__1.webp', 22090000, 22090000, 11, 0, '<h2>ĐẶC ĐIỂM NỔI BẬT</h2>\r\n\r\n<ul>\r\n	<li>Thiết kế thời thượng v&agrave; bền bỉ - Mặt lưng k&iacute;nh được pha m&agrave;u xu hướng c&ugrave;ng khung viền nh&ocirc;m bền bỉ</li>\r\n	<li>Dynamic Island hiển thị linh động mọi th&ocirc;ng b&aacute;o ngay lập tức gi&uacute;p bạn nắm bắt mọi th&ocirc;ng tin</li>\r\n	<li>Chụp ảnh đẹp nức l&ograve;ng - Camera ch&iacute;nh 48MP, Độ ph&acirc;n giải l&ecirc;n đến 4x v&agrave; Tele 2x chụp ch&acirc;n dung ho&agrave;n hảo</li>\r\n	<li>Pin d&ugrave;ng cả ng&agrave;y kh&ocirc;ng lắng lo - Thời gian xem video l&ecirc;n đến 20 giờ v&agrave; sạc nhanh qua cổng USB-C tiện lợi</li>\r\n	<li>Cải tiến hiệu năng vượt bậc - A16 Bionic mạnh mẽ gi&uacute;p bạn c&acirc;n mọi t&aacute;c vụ d&ugrave; c&oacute; y&ecirc;u cầu đồ hoạ cao</li>\r\n</ul>\r\n\r\n<blockquote>\r\n<p><strong>iPhone 15 128GB</strong>&nbsp;được trang bị&nbsp;<strong>m&agrave;n h&igrave;nh Dynamic Island k&iacute;ch thước 6.1 inch</strong>&nbsp;với c&ocirc;ng nghệ hiển thị&nbsp;<strong>Super Retina XDR</strong>&nbsp;m&agrave;n lại trải nghiệm h&igrave;nh ảnh vượt trội. Điện thoại với mặt lưng k&iacute;nh nh&aacute;m chống b&aacute;m mồ h&ocirc;i c&ugrave;ng&nbsp;<strong>5 phi&ecirc;n bản m&agrave;u sắc</strong>&nbsp;lựa chọn:&nbsp;<strong>Hồng, V&agrave;ng, Xanh l&aacute;, Xanh dương v&agrave; đen</strong>. Camera tr&ecirc;n&nbsp;<a href="https://cellphones.com.vn/mobile/apple/iphone-15.html" target="_blank" title="iPhone 15 series"><strong>iPhone 15 series</strong></a>&nbsp;cũng được n&acirc;ng cấp l&ecirc;n&nbsp;<strong>cảm biến 48MP</strong>&nbsp;c&ugrave;ng t&iacute;nh năng chụp<strong>&nbsp;zoom quang học tới 2x</strong>. C&ugrave;ng với thiết kế cổng sạc thay đổi từ lightning sang USB-C v&ocirc; c&ugrave;ng ấn tượng.</p>\r\n</blockquote>', '<h2>ĐẶC ĐIỂM NỔI BẬT</h2>\r\n\r\n<ul>\r\n	<li>Thiết kế thời thượng v&agrave; bền bỉ - Mặt lưng k&iacute;nh được pha m&agrave;u xu hướng c&ugrave;ng khung viền nh&ocirc;m bền bỉ</li>\r\n	<li>Dynamic Island hiển thị linh động mọi th&ocirc;ng b&aacute;o ngay lập tức gi&uacute;p bạn nắm bắt mọi th&ocirc;ng tin</li>\r\n	<li>Chụp ảnh đẹp nức l&ograve;ng - Camera ch&iacute;nh 48MP, Độ ph&acirc;n giải l&ecirc;n đến 4x v&agrave; Tele 2x chụp ch&acirc;n dung ho&agrave;n hảo</li>\r\n	<li>Pin d&ugrave;ng cả ng&agrave;y kh&ocirc;ng lắng lo - Thời gian xem video l&ecirc;n đến 20 giờ v&agrave; sạc nhanh qua cổng USB-C tiện lợi</li>\r\n	<li>Cải tiến hiệu năng vượt bậc - A16 Bionic mạnh mẽ gi&uacute;p bạn c&acirc;n mọi t&aacute;c vụ d&ugrave; c&oacute; y&ecirc;u cầu đồ hoạ cao</li>\r\n</ul>\r\n\r\n<blockquote>\r\n<p><strong>iPhone 15 128GB</strong>&nbsp;được trang bị&nbsp;<strong>m&agrave;n h&igrave;nh Dynamic Island k&iacute;ch thước 6.1 inch</strong>&nbsp;với c&ocirc;ng nghệ hiển thị&nbsp;<strong>Super Retina XDR</strong>&nbsp;m&agrave;n lại trải nghiệm h&igrave;nh ảnh vượt trội. Điện thoại với mặt lưng k&iacute;nh nh&aacute;m chống b&aacute;m mồ h&ocirc;i c&ugrave;ng&nbsp;<strong>5 phi&ecirc;n bản m&agrave;u sắc</strong>&nbsp;lựa chọn:&nbsp;<strong>Hồng, V&agrave;ng, Xanh l&aacute;, Xanh dương v&agrave; đen</strong>. Camera tr&ecirc;n&nbsp;<a href="https://cellphones.com.vn/mobile/apple/iphone-15.html" target="_blank" title="iPhone 15 series"><strong>iPhone 15 series</strong></a>&nbsp;cũng được n&acirc;ng cấp l&ecirc;n&nbsp;<strong>cảm biến 48MP</strong>&nbsp;c&ugrave;ng t&iacute;nh năng chụp<strong>&nbsp;zoom quang học tới 2x</strong>. C&ugrave;ng với thiết kế cổng sạc thay đổi từ lightning sang USB-C v&ocirc; c&ugrave;ng ấn tượng.</p>\r\n</blockquote>', 'iPhone 15 128GB | Chính hãng VN/A', 'iPhone 15 128GB | Chính hãng VN/A'),
	(4, 'Samsung Galaxy Z Flip5 512GB', 5, 2, '/storage/images_product/odaV5PJQYx_samsung-galaxy-z-flip5-kem-4.webp', 25990000, 28990000, 8, 0, '<p><a href="https://cellphones.com.vn/samsung-galaxy-z-flip-5.html"><strong>Samsung Z Flip 5</strong></a>&nbsp;c&oacute; m&agrave;n ch&iacute;nh h&igrave;nh rộng&nbsp;<strong>6.7 inch</strong>, với độ ph&acirc;n giải&nbsp;<strong>Full HD+ (1080 x 2636 Pixels)</strong>, cụm camera trước&nbsp;<strong>10MP</strong>&nbsp;v&agrave; camera sau&nbsp;<strong>12MP</strong>, r&otilde; đến từng chi tiết. Cấu h&igrave;nh của sản phẩm mạnh mẽ nhờ hệ điều h&agrave;nh&nbsp;<strong>Android 10</strong>, con chipset mạnh mẽ&nbsp;<strong>Snapdragon 8 gen 2</strong>, với chip đồ họa tạo h&igrave;nh ảnh hiển thị h&agrave;ng triệu m&agrave;u sắc kh&aacute;c nhau. Sản phẩm c&oacute;&nbsp;<strong>RAM&nbsp;8GB, bộ nhớ trong 512GB</strong>.</p>', '<h2>ĐẶC ĐIỂM NỔI BẬT</h2>\r\n\r\n<ul>\r\n	<li>Thần th&aacute;i nổi bật, c&acirc;n mọi phong c&aacute;ch- Lấy cảm hứng từ thi&ecirc;n nhi&ecirc;n với m&agrave;u sắc thời thượng, xu hướng</li>\r\n	<li>Thiết kế thu h&uacute;t &aacute;nh nh&igrave;n - Gập kh&ocirc;ng kẽ hỡ, dẫn đầu c&ocirc;ng nghệ bản lề Flex</li>\r\n	<li>Tuyệt t&aacute;c selfie thoả sức s&aacute;ng tạo - Camera sau hỗ trợ AI xử l&iacute; cực sắc n&eacute;t ngay cả tr&ecirc;n m&agrave;n h&igrave;nh ngo&agrave;i</li>\r\n	<li>Bền bỉ bất chấp mọi t&igrave;nh huống - Đạt chuẩn kh&aacute;ng bụi v&agrave; nước IP68 c&ugrave;ng chất liệu nh&ocirc;m Armor Aluminum gi&uacute;p hạn chế cong v&agrave; xước</li>\r\n</ul>', 'Samsung Galaxy Z Flip5 512GB', 'Samsung, Galaxy Z Flip5'),
	(5, 'Samsung Galaxy M14 5G 4GB 128GB', 5, 2, '/storage/images_product/NOlzjFlQBb_galaxy-m14-5.webp', 3850000, 3850000, 9, 0, '<p><a href="https://cellphones.com.vn/samsung-galaxy-m14.html" target="_blank" title="Samsung Galaxy M14"><strong>Samsung Galaxy M14</strong></a>&nbsp;thu h&uacute;t được sự ch&uacute; &yacute; của người d&ugrave;ng với thiết kế vu&ocirc;ng vức, thời thượng, trang bị chipset nội bộ của&nbsp;<strong>Samsung Exynos 1330</strong>. M&agrave;n h&igrave;nh hiển thị được cấu th&agrave;nh từ&nbsp;<strong>tấm nền IPS LCD&nbsp;</strong>thế hệ mới, đem lại những trải nghiệm h&igrave;nh ảnh sắc n&eacute;t, sống động. Cụm&nbsp;<strong>camera với độ ph&acirc;n giải c&oacute; thể đạt 50MP</strong>&nbsp;c&ugrave;ng dung lượng&nbsp;<strong>pin l&ecirc;n tới 6000mAh</strong>, gi&uacute;p n&acirc;ng cao hiệu quả sử dụng của người d&ugrave;ng.</p>', '<h2>ĐẶC ĐIỂM NỔI BẬT</h2>\r\n\r\n<ul>\r\n	<li>Kiểu d&aacute;ng hiện đại c&ugrave;ng nhiều lựa chọn về m&agrave;u sắc gi&uacute;p ph&ugrave; hợp với nhiều người</li>\r\n	<li>Kh&ocirc;ng gian hiển thị rộng lớn với m&agrave;n h&igrave;nh 6.6 inch c&ugrave;ng tấm nền LCD thế hệ mới</li>\r\n	<li>Chip Exynos 1330 độc quyền c&ugrave;ng RAM 4 GB v&agrave; kết nối 5G gi&uacute;p xử l&yacute; nhanh v&agrave; ổn định c&aacute;c t&aacute;c vụ th&ocirc;ng dụng</li>\r\n	<li>V&ocirc; tư trải nghiệm cả ng&agrave;y d&agrave;i với vi&ecirc;n pin dung lượng si&ecirc;u khủng đến 6000 mAh</li>\r\n</ul>', 'Samsung Galaxy M14 5G 4GB 128GB', 'Samsung Galaxy M14 5G 4GB 128GB'),
	(6, 'OPPO Find N3 Flip 12GB 256GB', 1, 2, '/storage/images_product/ktgyutGzNd_oppo-find-n3-flip_7_.webp', 22990000, 25990000, 2, 0, '<p><a href="https://cellphones.com.vn/oppo-find-n3-flip.html" target="_blank" title="OPPO Find N3 Flip"><strong>OPPO Find N3 Flip</strong></a>&nbsp;ch&iacute;nh thức ra mắt thị trường Việt Nam ng&agrave;y 26/10 sở hữu nhiều ưu điểm vượt trội: chip&nbsp;<strong>Dimensity 9200</strong>, RAM&nbsp;<strong>12GB</strong>&nbsp;c&ugrave;ng bộ nhớ trong&nbsp;<strong>256GB</strong>. Cạnh đ&oacute;, camera điện thoại gập Find N3 Flip hợp t&aacute;c c&ugrave;ng&nbsp;<strong>Hasselblad</strong>, ống k&iacute;nh ch&iacute;nh độ ph&acirc;n giải&nbsp;<strong>50MP</strong>&nbsp;v&agrave; m&agrave;n h&igrave;nh&nbsp;<strong>AMOLED 6.8 inch</strong>&nbsp;cho trải nghiệp quay chụp chuy&ecirc;n nghiệp hơn bao giờ hết.</p>', '<h2>ĐẶC ĐIỂM NỔI BẬT</h2>\r\n\r\n<ul>\r\n	<li>Thiết kế gập linh hoạt, đường cong 3D, đường cắt kim cương - biểu tượng của sự phong c&aacute;ch gi&uacute;p bạn lu&ocirc;n toả s&aacute;ng</li>\r\n	<li>Điện thoại gập sở hữu 3 camera sắc n&eacute;t - Chụp h&igrave;nh đơn giản hơn với Chế độ Flexform</li>\r\n	<li>M&agrave;n h&igrave;nh phụ vạn năng - dễ d&agrave;ng thao t&aacute;c c&aacute;c t&aacute;c vụ ngay tr&ecirc;n m&agrave;n h&igrave;nh phụ v&agrave; tuỳ biến theo sở th&iacute;ch</li>\r\n	<li>M&agrave;n h&igrave;nh sống động đ&aacute;ng kinh ngạc - K&iacute;ch thước 6.8i nches, hỗ trợ 120Hz, HDR10+</li>\r\n</ul>', 'OPPO Find N3 Flip 12GB 256GB', 'OPPO Find N3 Flip 12GB 256GB'),
	(7, 'OPPO Reno10 5G 8GB 256GB', 1, 2, '/storage/images_product/ZThTemdhGf_reno10-5g-860_720.webp', 10490000, 10490000, 1, 0, '<p>Điện thoại&nbsp;<a href="https://cellphones.com.vn/oppo-reno10.html"><strong>OPPO Reno 10</strong></a>&nbsp;sở hữu hiệu năng v&ocirc; c&ugrave;ng mạnh mẽ khi được trang bị chipset&nbsp;<strong>MediaTek Dimensity 7050</strong>. Chất lượng h&igrave;nh ảnh của m&aacute;y c&oacute; độ sắc n&eacute;t, mượt m&agrave; nhờ sở hữu tấm nền&nbsp;<strong>3D AMOLED</strong>&nbsp;hiện đại với độ ph&acirc;n giải FHD+&nbsp;<strong>2412 &times; 1080 pixel</strong>&nbsp;c&ugrave;ng tần số qu&eacute;t&nbsp;<strong>120Hz</strong>. B&ecirc;n cạnh đ&oacute;, Reno 10 c&ograve;n sở hữu một v&agrave;i ưu điểm kh&aacute;c như dung lượng Pin&nbsp;<strong>5000mAh</strong>&nbsp;với&nbsp;<strong>sạc nhanh SUPERVOOC 67W&nbsp;</strong>c&ugrave;ng cụm camera 64MP sắc n&eacute;t gi&uacute;p n&acirc;ng cao trải nghiệm của người d&ugrave;ng.</p>', '<h2>ĐẶC ĐIỂM NỔI BẬT</h2>\r\n\r\n<ul>\r\n	<li>Chuy&ecirc;n gia ch&acirc;n dung thế hệ thứ 10 - Camera ch&acirc;n dung 32MP si&ecirc;u n&eacute;t, chụp xa từ 2X-5X kh&ocirc;ng lo biến dạng khung h&igrave;nh</li>\r\n	<li>Thiết kế nổi bật, dẫn đầu xu hướng - Cạnh viền cong 3D, c&aacute;c phi&ecirc;n bản m&agrave;u sắc ph&ugrave; hợp đa c&aacute; t&iacute;nh, thu h&uacute;t mọi &aacute;nh nh&igrave;n</li>\r\n	<li>Đa nhiệm mạnh mẽ hơn ai hết - RAM mở rộng đến 16GB, ROM 256GB mang đến trải nghiệm đa t&aacute;c vụ thoải m&aacute;i</li>\r\n	<li>Pin bất tận, sạc si&ecirc;u tốc - pin 5000mAh v&agrave; sạc nhanh 67W c&ugrave;ng chế độ tiết kiệm pin si&ecirc;u tiện &iacute;ch</li>\r\n</ul>', 'OPPO Reno10 5G 8GB 256GB', 'OPPO Reno10 5G 8GB 256GB'),
	(8, 'OPPO Reno8 T 4G 256GB', 1, 2, '/storage/images_product/DLrBqYbVRW_oppo-reno-8t-4g-256gb.webp', 6990000, 6990000, 0, 0, '<p><a href="https://cellphones.com.vn/oppo-reno-8t.html" target="_blank" title="Reno8 T"><strong>OPPO Reno8 T</strong></a>&nbsp;sở hữu thiết kế sang trọng, hiện đại nhưng cũng v&ocirc; c&ugrave;ng độc đ&aacute;o, bắt mắt. Phần mặt lưng của m&aacute;y được hiệu chỉnh đặc biệt với hiệu ứng chuyển m&agrave;u cực kỳ linh hoạt theo từng g&oacute;c độ kh&aacute;c nhau.</p>\r\n\r\n<p>&nbsp;</p>', '<h2>ĐẶC ĐIỂM NỔI BẬT</h2>\r\n\r\n<ul>\r\n	<li>Thiết kế thời thượng - Tr&agrave;n viền, mỏng nhẹ đặc biệt ph&ugrave; hợp với c&aacute;c bạn trẻ, y&ecirc;u kh&aacute;m ph&aacute; xu hướng mới</li>\r\n	<li>Giải tr&iacute; ấn tượng - M&agrave;n h&igrave;nh 16 triệu m&agrave;u, tần số qu&eacute;t 90Hz ấn tượng</li>\r\n	<li>Chụp ảnh ch&acirc;n dung chuy&ecirc;n nghiệp - Camera 100MP sắc n&eacute;t đi k&egrave;m thuật to&aacute;n AI</li>\r\n	<li>Pin d&ugrave;ng cả ng&agrave;y - Vi&ecirc;n pin lớn 5000 mAh, sạc si&ecirc;u nhanh đến 67 W</li>\r\n</ul>', 'OPPO,Reno8 T,4G 256GB', 'OPPO Reno8 T 4G 256GB'),
	(9, 'Sạc nhanh 20W Apple MHJE3ZA', 6, 1, '/storage/images_product/fwukaolEBW_group_117_1.webp', 880000, 1000000, 8, 50, '<h2>ĐẶC ĐIỂM NỔI BẬT</h2>\r\n\r\n<ul>\r\n	<li>C&ocirc;ng nghệ PD sạc cho c&aacute;c sản phẩm Apple nhanh ch&oacute;ng</li>\r\n	<li>Cổng Type-C c&ocirc;ng suất 20W gi&uacute;p tiết kiệm nhiều thời gian</li>\r\n	<li>Thiết kế chuẩn thương hiệu Apple nhỏ gọn v&agrave; sang trọng</li>\r\n	<li>Bảo vệ qu&aacute; d&ograve;ng, tr&aacute;nh hiện tượng chập mạch, qu&aacute; nhiệt</li>\r\n</ul>', '<h2>Sạc nhanh Apple iPhone 20W Type-C PD MHJE3ZA ch&iacute;nh h&atilde;ng tiết kiệm tối đa thời gian sạc điện thoại</h2>\r\n\r\n<p>Nhanh ch&oacute;ng, tiết kiệm tối đa thời gian l&agrave; những g&igrave; m&agrave; người d&ugrave;ng iPhone mong đợi ở chiếc sạc pin của m&igrave;nh. Để c&oacute; thể l&agrave;m được điều đ&oacute; th&igrave; việc sử dụng củ sạc nhanh Apple iPhone 20W Type-C PD MHJE3ZA ch&iacute;nh h&atilde;ng l&agrave; điều cần thiết m&agrave; bạn kh&ocirc;ng n&ecirc;n bỏ qua.</p>', 'Sạc nhanh 20W Apple MHJE3ZA | Chính hãng Apple Việt Na', 'Sạc nhanh 20W Apple MHJE3ZA | Chính hãng Apple Việt Na'),
	(10, 'Tai nghe Bluetooth Apple AirPods 2', 6, 1, '/storage/images_product/hanfURNVA9_group_169_2.webp', 3990000, 2690000, 0, 33, '<h2>ĐẶC ĐIỂM NỔI BẬT</h2>\r\n\r\n<ul>\r\n	<li>Phản hồi nhanh hơn v&agrave; tiết kiệm năng lượng nhờ v&agrave;o con chip Apple H1</li>\r\n	<li>Thiết kế sang trọng, gọn nhẹ tạo cảm gi&aacute;c thoải m&aacute;i khi đeo h&agrave;ng giờ liền</li>\r\n	<li>T&iacute;ch hợp 2 micro khử tiếng ồn cho chất lượng &acirc;m thanh tốt khi đ&agrave;m thoại</li>\r\n	<li>Hỗ trợ c&ocirc;ng nghệ sạc nhanh, chỉ mất 15 ph&uacute;t l&agrave; đ&atilde; c&oacute; ngay 3 giờ sử dụng</li>\r\n</ul>', '<p><em>Vừa qua, Apple đ&atilde; ch&iacute;nh thức cho ra mắt chiếc tai nghe&nbsp;<strong>Apple Airpods 2</strong>&nbsp;sở hữu&nbsp;<strong>chip H1</strong>&nbsp;được d&agrave;nh ri&ecirc;ng gi&uacute;p chuyển nhanh c&aacute;c cuộc gọi từ iPhone sang Airpods&nbsp;cũng như giảm mức ti&ecirc;u thụ điện năng cực kỳ thấp.&nbsp;<strong>Thời gian</strong>&nbsp;sử dụng đến&nbsp;<strong>5 giờ nghe nhạc</strong>&nbsp;hoặc&nbsp;<strong>3 giờ đ&agrave;m thoại</strong>&nbsp;v&agrave; khi kết hợp với hộp sạc cho thời gian đến 24 giờ. Kết nối kh&ocirc;ng d&acirc;y chất lượng cao, tự động bật v&agrave; lu&ocirc;n kết nối gi&uacute;p sẵn s&agrave;ng theo bạn đến bất kỳ đ&acirc;u. C&ugrave;ng tham khảo th&ecirc;m về chiếc Airpod 2 n&agrave;y nh&eacute;.</em></p>', 'Tai nghe Bluetooth Apple AirPods 2', 'Tai nghe Bluetooth Apple AirPods 2'),
	(11, 'OPPO Reno8', 1, 2, '/storage/images_product/JcM1KN2lBK_combo_product_-_reno8_4g_-_black.webp', 8990000, 7490000, 6, 13, '<h2>ĐẶC ĐIỂM NỔI BẬT</h2>\r\n\r\n<ul>\r\n	<li>Chuy&ecirc;n gia ch&acirc;n dung, bừng s&aacute;ng khoảnh khắc đ&ecirc;m - Cụm camera 64MP + 2MP + 2MP hiện đại</li>\r\n	<li>Dẫn đầu xu hướng nhờ thiết kế tinh xảo, cao cấp v&agrave; mỏng nhẹ, ph&ugrave; hợp với trải nghiệm h&agrave;ng ng&agrave;y</li>\r\n	<li>Sạc nhanh si&ecirc;u tốc, tr&agrave;n đầy năng lượng cho cả ng&agrave;y - Vi&ecirc;n pin 4500mAh, Sạc nhanh si&ecirc;u tốc 33W</li>\r\n	<li>Gấp đ&ocirc;i hiệu suất, xử l&iacute; mọi t&aacute;c vụ - Con chip Qualcomm Snapdragon 680 mạnh mẽ trong ph&acirc;n kh&uacute;c</li>\r\n</ul>', '<p><a href="https://cellphones.com.vn/oppo-reno-8.html"><strong>OPPO Reno8</strong></a>&nbsp;được mệnh danh l&agrave; chuy&ecirc;n gia chụp ảnh ch&acirc;n dung h&agrave;ng đầu nhờ sự kết hợp giữa&nbsp;<strong>cảm biến cao cấp Sony IMX709&nbsp;</strong>(camera trước) v&agrave;&nbsp;<strong>IMX766&nbsp;</strong>(camera sau) với&nbsp;<strong>ống k&iacute;nh Micro30x</strong>. Ngo&agrave;i ra,&nbsp;<strong>phi&ecirc;n bản Reno 8</strong>&nbsp;mang lại cho người d&ugrave;ng khả năng&nbsp;<strong>c&acirc;n bằng cuộc sống theo khung giờ 8 tiếng</strong>&nbsp;gi&uacute;p l&agrave;m việc hiệu quả v&agrave; nghỉ ngơi đầy đủ. Hiệu năng m&agrave; OPPO Reno 8 sở hữu&nbsp;<strong>8GB RAM</strong>,&nbsp;<strong>256GB bộ nhớ trong</strong>&nbsp;đi c&ugrave;ng với vi xử l&yacute;&nbsp;<strong>MediaTek Dimensity 1300</strong>&nbsp;gi&uacute;p tối ưu c&aacute;c t&aacute;c vụ hiệu quả c&ugrave;ng hiệu năng chơi game đỉnh cao</p>', 'OPPO Reno8', 'OPPO Reno8'),
	(12, 'OPPO A17K', 1, 2, '/storage/images_product/lyEuQY7kEE_t_i_xu_ng_44_.webp', 2990000, 2990000, 119, 0, '<h2>ĐẶC ĐIỂM NỔI BẬT</h2>\r\n\r\n<ul>\r\n	<li>Chuẩn n&eacute;t từng khung h&igrave;nh - Trang bị m&agrave;n h&igrave;nh LCD 6.56 inch với độ ph&acirc;n giải HD+</li>\r\n	<li>Hiệu năng cải tiến, bứt ph&aacute; tốc độ - Chip Helio G35, RAM 4GB v&agrave; bộ nhớ trong 64GB</li>\r\n	<li>Trọn vẹn năng lượng suốt cả ng&agrave;y - Vi&ecirc;n pin lớn 5000 mAh, sạc 10W</li>\r\n	<li>Bảo mật n&acirc;ng cao với mở kho&aacute; v&acirc;n tay cạnh viền, mở kho&aacute; khu&ocirc;n mặt</li>\r\n</ul>', '<p>OPPO A17K c&oacute; thiết kế m&agrave;n h&igrave;nh LCD với k&iacute;ch thước 6.56 inch c&ugrave;ng độ ph&acirc;n giải full HD +. Đồng thời so với hệ tiền nhiệm, A17K được n&acirc;ng cấp với RAM 4GB c&ugrave;ng bộ nhớ trong 64GB gi&uacute;p người d&ugrave;ng c&oacute; lưu trữ được nhiều hơn.</p>\r\n\r\n<h2><strong>OPPO A17K - Thiết kế chuẩn mực, hiệu năng cải tiến</strong></h2>\r\n\r\n<p>OPPO A17K l&agrave; d&ograve;ng điện thoại ph&acirc;n kh&uacute;c gi&aacute; rẻ tiếp theo sau d&ograve;ng A16K. Do đ&oacute;, kh&ocirc;ng c&oacute; g&igrave; bất ngờ khi A17K thừa hưởng thiết kế nổi bật của mẫu A16K trước đ&oacute;. Tuy nhi&ecirc;n, nh&agrave; sản xuất OPPO sẽ c&oacute; th&ecirc;m những bất ngờ g&igrave; trong chiếc smartphone n&agrave;y?</p>\r\n\r\n<h3><strong>Trang bị m&agrave;n h&igrave;nh LCD 6.56 inch với độ ph&acirc;n giải full HD+</strong></h3>\r\n\r\n<p>Thiết kế của OPPO A17K được giữ nguy&ecirc;n bản với m&agrave;n h&igrave;nh lớn LCD 6.56 inch cho độ ph&acirc;n giải điểm ảnh HD+. Với fan của OPPO c&oacute; thể dễ d&agrave;ng nhận thấy th&ocirc;ng số n&agrave;y kh&ocirc;ng c&oacute; nhiều kh&aacute;c biệt so với d&ograve;ng tiền nhiệm A16K trước đ&oacute;.</p>\r\n\r\n<p>Mặc d&ugrave; vậy, đ&acirc;y vẫn l&agrave; thiết kế đem đến trải nghiệm tốt cho người d&ugrave;ng khi sử dụng c&aacute;c t&aacute;c vụ th&ocirc;ng thường: nghe nhạc, xem phim,.. Do đ&oacute;, bạn ho&agrave;n to&agrave;n c&oacute; thể y&ecirc;n t&acirc;m với trang bị m&agrave;n h&igrave;nh m&agrave; OPPO A17K sở hữu.</p>', 'OPPO A17K', 'OPPO A17K'),
	(13, 'iPhone 11 64GB | Chính hãng VN/A', 6, 2, '/storage/images_product/qzeeNdlRXB_iphone11-white-select-2019_3.webp', 10590000, 10590000, 12, 0, '<h2>ĐẶC ĐIỂM NỔI BẬT</h2>\r\n\r\n<ul>\r\n	<li>M&agrave;u sắc ph&ugrave; hợp c&aacute; t&iacute;nh - 6 m&agrave;u sắc bắt mắt để lựa chọn</li>\r\n	<li>Hiệu năng mượt m&agrave;, ổn định - Chip A13, RAM 4GB</li>\r\n	<li>Bắt trọn khung h&igrave;nh - Camera k&eacute;p hỗ trợ g&oacute;c rộng, chế độ Night Mode</li>\r\n	<li>Y&ecirc;n t&acirc;m sử dụng - Kh&aacute;ng nước, kh&aacute;ng bụi IP68, k&iacute;nh cường lực Gorilla</li>\r\n</ul>', '<p><strong>iPhone 11</strong>&nbsp;sở hữu hiệu năng kh&aacute; mạnh mẽ, ổn định trong thời gian d&agrave;i nhờ được trang bị chipset A13 Bionic. M&agrave;n h&igrave;nh LCD 6.1 inch sắc n&eacute;t c&ugrave;ng chất lượng hiển thị Full HD của m&aacute;y cho trải nghiệm h&igrave;nh ảnh mượt m&agrave; v&agrave; c&oacute; độ tương phản cao. Hệ thống camera hiện đại được t&iacute;ch hợp những t&iacute;nh năng c&ocirc;ng nghệ mới kết hợp với vi&ecirc;n Pin dung lượng 3110mAh, gi&uacute;p n&acirc;ng cao trải nghiệm của người d&ugrave;ng.</p>', 'iPhone 11 64GB | Chính hãng VN/A', 'iPhone 11 64GB | Chính hãng VN/A'),
	(14, 'iPhone 13 Pro Max 128GB | Chính hãng VN/A', 6, 2, '/storage/images_product/i1Nv45dVK5_iphone-13-pro-max-9_1.webp', 22990000, 22990000, 12, 0, '<h2>ĐẶC ĐIỂM NỔI BẬT</h2>\r\n\r\n<ul>\r\n	<li>Hiệu năng vượt trội - Chip Apple A15 Bionic mạnh mẽ, hỗ trợ mạng 5G tốc độ cao</li>\r\n	<li>Kh&ocirc;ng gian hiển thị sống động - M&agrave;n h&igrave;nh 6.7&quot; Super Retina XDR độ s&aacute;ng cao, sắc n&eacute;t</li>\r\n	<li>Trải nghiệm điện ảnh đỉnh cao - Cụm 3 camera k&eacute;p 12MP, hỗ trợ ổn định h&igrave;nh ảnh quang học</li>\r\n	<li>Tối ưu điện năng - Sạc nhanh 20 W, đầy 50% pin trong khoảng 30 ph&uacute;t</li>\r\n</ul>', '<p>Th&ocirc;ng tin sản phẩm</p>\r\n\r\n<p>M&aacute;y mới 100% , ch&iacute;nh h&atilde;ng Apple Việt Nam.<br />\r\nCellphoneS hiện l&agrave; đại l&yacute; b&aacute;n lẻ uỷ quyền iPhone ch&iacute;nh h&atilde;ng VN/A của Apple Việt Nam</p>\r\n\r\n<p>Hộp, S&aacute;ch hướng dẫn, C&acirc;y lấy sim, C&aacute;p Lightning - Type C</p>\r\n\r\n<p>1 ĐỔI 1 trong 30 ng&agrave;y nếu c&oacute; lỗi phần cứng nh&agrave; sản xuất. Bảo h&agrave;nh 12 th&aacute;ng tại trung t&acirc;m bảo h&agrave;nh ch&iacute;nh h&atilde;ng Apple: CareS<a href="https://cellphones.com.vn/chinh-sach-bao-hanh" target="_blank">(xem chi tiết)</a></p>\r\n\r\n<p>Gi&aacute; sản phẩm đ&atilde; bao gồm VAT</p>', 'iPhone 13 Pro Max 128GB | Chính hãng VN/A', 'iPhone 13 Pro Max 128GB | Chính hãng VN/A'),
	(15, 'iPhone 12 64GB | Chính hãng VN/A', 6, 2, '/storage/images_product/yq9mpUtIQI_2_241.webp', 15990000, 12650000, 29, 21, '<h2>ĐẶC ĐIỂM NỔI BẬT</h2>\r\n\r\n<ul>\r\n	<li>Mạnh mẽ, si&ecirc;u nhanh với chip A14, RAM 4GB, mạng 5G tốc độ cao</li>\r\n	<li>Rực rỡ, sắc n&eacute;t, độ s&aacute;ng cao - M&agrave;n h&igrave;nh OLED cao cấp, Super Retina XDR hỗ trợ HDR10, Dolby Vision</li>\r\n	<li>Chụp đ&ecirc;m ấn tượng - Night Mode cho 2 camera, thuật to&aacute;n Deep Fusion, Smart HDR 3</li>\r\n	<li>Bền bỉ vượt trội - Kh&aacute;ng nước, kh&aacute;ng bụi IP68, mặt lưng Ceramic Shield</li>\r\n</ul>', '<p>Th&ocirc;ng tin sản phẩm</p>\r\n\r\n<p>M&aacute;y mới 100% , ch&iacute;nh h&atilde;ng Apple Việt Nam.</p>\r\n\r\n<p>Hộp, S&aacute;ch hướng dẫn, C&acirc;y lấy sim, C&aacute;p Lightning - Type C</p>\r\n\r\n<p>1 ĐỔI 1 trong 30 ng&agrave;y nếu c&oacute; lỗi phần cứng nh&agrave; sản xuất. Bảo h&agrave;nh 12 th&aacute;ng tại trung t&acirc;m bảo h&agrave;nh ch&iacute;nh h&atilde;ng Apple</p>\r\n\r\n<p>Gi&aacute; sản phẩm đ&atilde; bao gồm VAT</p>', 'iPhone 12 64GB | Chính hãng VN/A', 'iPhone 12 64GB | Chính hãng VN/A'),
	(16, 'OPPO A18 4GB 128GB', 1, 2, '/storage/images_product/64G10gPwnU_oppo-a18_4_.webp', 3940000, 3940000, 8, 0, '<h2>ĐẶC ĐIỂM NỔI BẬT</h2>\r\n\r\n<ul>\r\n	<li>Hiệu năng vượt trội với chip Helio G85 - Gi&uacute;p bạn xử l&yacute; c&aacute;c t&aacute;c vụ mượt m&agrave; kh&ocirc;ng cần phải lo lắng c&oacute; bị giật, lag.</li>\r\n	<li>Độ ph&acirc;n giải HD+ sặc n&eacute;t c&ugrave;ng tần số qu&eacute;t 90Hz, mang lại những h&igrave;nh ảnh sống động v&agrave; mượt m&agrave; nhất.</li>\r\n	<li>Dung lượng pin 5000 mAh mạnh mẽ - Đảm bảo bạn sẽ lu&ocirc;n kết nối v&agrave; sử dụng trong nhiều giờ liền.</li>\r\n	<li>Thiết kế thời trang v&agrave; hiện đại với c&aacute;c cạnh viền được v&aacute;t phẳng v&agrave; bo tr&ograve;n ở c&aacute;c g&oacute;c.</li>\r\n</ul>', '<p>Th&ocirc;ng tin sản phẩm</p>\r\n\r\n<p>Mới, đầy đủ phụ kiện từ nh&agrave; sản xuất</p>\r\n\r\n<p>Ốp lưng, S&aacute;ch hướng dẫn, Hộp, C&acirc;y lấy sim, Củ sạc rời đầu Type A, C&aacute;p Type C</p>\r\n\r\n<p>Bảo h&agrave;nh 12 th&aacute;ng tại trung t&acirc;m bảo h&agrave;nh Ch&iacute;nh h&atilde;ng. 1 đổi 1 trong 30 ng&agrave;y nếu c&oacute; lỗi phần cứng từ nh&agrave; sản xuất.</p>\r\n\r\n<p>Gi&aacute; sản phẩm đ&atilde; bao gồm VAT</p>', 'OPPO A18 4GB 128GB', 'OPPO A18 4GB 128GB'),
	(17, 'Samsung Galaxy A54 5G 8GB 128GB', 5, 2, '/storage/images_product/kgwFqmssM4_samsung-galaxy-a54_2_.webp', 8590000, 8590000, 12, 0, '<h2>ĐẶC ĐIỂM NỔI BẬT</h2>\r\n\r\n<ul>\r\n	<li>N&acirc;ng tầm trải nghiệm chiến game c&ugrave;ng m&agrave;n h&igrave;nh c&oacute; tần số qu&eacute;t l&ecirc;n đến 120Hz</li>\r\n	<li>Chip Exynos 1380 độc quyền gi&uacute;p xử l&yacute; tốt mọi t&aacute;c vụ từ cơ bản đến n&acirc;ng cao</li>\r\n	<li>Quay video si&ecirc;u chống rung v&agrave; chụp đ&ecirc;m cực ấn tượng với bộ 3 camera 50MP</li>\r\n	<li>Thiết kế đặc trưng với mặt k&iacute;nh sang trọng, hỗ trợ kh&aacute;ng nước, bụi chuẩn IP67</li>\r\n</ul>', '<p>Th&ocirc;ng tin sản phẩm</p>\r\n\r\n<p>Mới, đầy đủ phụ kiện từ nh&agrave; sản xuất</p>\r\n\r\n<p>Hộp, S&aacute;ch hướng dẫn, C&acirc;y lấy sim, C&aacute;p Type C</p>\r\n\r\n<p>Bảo h&agrave;nh 12 th&aacute;ng tại trung t&acirc;m bảo h&agrave;nh Ch&iacute;nh h&atilde;ng. 1 đổi 1 trong 30 ng&agrave;y nếu c&oacute; lỗi phần cứng từ nh&agrave; sản xuất.&nbsp;</p>\r\n\r\n<p>Gi&aacute; sản phẩm đ&atilde; bao gồm VAT</p>', 'Samsung Galaxy A54 5G 8GB 128GB', 'Samsung Galaxy A54 5G 8GB 128GB'),
	(18, 'Samsung Galaxy A23 5G', 5, 2, '/storage/images_product/KDEOIOY6QZ_1_292.webp', 5990000, 6990000, 120, 20, '<p>Th&ocirc;ng tin sản phẩm</p>\r\n\r\n<p>Mới, đầy đủ phụ kiện từ nh&agrave; sản xuất</p>\r\n\r\n<p>Hộp, S&aacute;ch hướng dẫn, C&acirc;y lấy sim, C&aacute;p Type C, Củ sạc nhanh rời đầu Type A</p>\r\n\r\n<p>Bảo h&agrave;nh 12 th&aacute;ng tại trung t&acirc;m bảo h&agrave;nh Ch&iacute;nh h&atilde;ng. 1 đổi 1 trong 30 ng&agrave;y nếu c&oacute; lỗi phần cứng từ nh&agrave; sản xuất.&nbsp;<a href="https://cellphones.com.vn/chinh-sach-bao-hanh" target="_blank">(xem chi tiết)</a></p>\r\n\r\n<p>Gi&aacute; sản phẩm đ&atilde; bao gồm VAT</p>', '<h2>ĐẶC ĐIỂM NỔI BẬT</h2>\r\n\r\n<ul>\r\n	<li>Sở hữu sức mạnh mạnh mẽ, hiệu suất để l&agrave;m việc nhiều hơn - Snapdragon 695 5G, RAM 4 GB</li>\r\n	<li>M&agrave;n h&igrave;nh cuộn si&ecirc;u mượt - M&agrave;n h&igrave;nh IPS LCD 6 inches, tần số qu&eacute;t 120Hz</li>\r\n	<li>Cụm camera th&ocirc;ng minh, chụp sắc n&eacute;t hiệu quả - Camera ch&iacute;nh g&oacute;c rộng 50 MP, chống rung OIS</li>\r\n	<li>Vi&ecirc;n pin tr&acirc;u v&agrave; khả năng kết nối 5G nhanh đỉnh cao - Pin lớn 5000mAh, sạc nhanh 25W</li>\r\n</ul>', 'Samsung Galaxy A23 5G', 'Samsung Galaxy A23 5G'),
	(19, 'Samsung Galaxy S21 FE 8GB 128GB', 5, 2, '/storage/images_product/sOkKMq2JLn_sm-g990_s21fe_backfront_za.webp', 16990000, 18990000, 46, 44, '<p>Th&ocirc;ng tin sản phẩm</p>\r\n\r\n<p>Mới, đầy đủ phụ kiện từ nh&agrave; sản xuất</p>\r\n\r\n<p>M&aacute;y, S&aacute;ch hướng dẫn, C&acirc;y lấy sim, C&aacute;p Type C</p>\r\n\r\n<p>Bảo h&agrave;nh 12 th&aacute;ng tại trung t&acirc;m bảo h&agrave;nh Ch&iacute;nh h&atilde;ng. 1 đổi 1 trong 30 ng&agrave;y nếu c&oacute; lỗi phần cứng từ nh&agrave; sản xuất.&nbsp;<a href="https://cellphones.com.vn/chinh-sach-bao-hanh" target="_blank">(xem chi tiết)</a></p>\r\n\r\n<p>Gi&aacute; sản phẩm đ&atilde; bao gồm VAT</p>', '<h2>ĐẶC ĐIỂM NỔI BẬT</h2>\r\n\r\n<ul>\r\n	<li>Thiết kế cao cấp - Vẻ đẹp tinh tế c&ugrave;ng nhiều m&agrave;u sắc thời thượng</li>\r\n	<li>Trọn vẹn từng khung h&igrave;nh - M&agrave;n h&igrave;nh 6.4&quot;&quot;, độ s&aacute;ng cao c&ugrave;ng tần số qu&eacute;t 120Hz</li>\r\n	<li>Sắc n&eacute;t từng khung h&igrave;nh - Bộ ba camera 12MP, hỗ trợ quay video 4K, chống rung điện từ EIS</li>\r\n	<li>Mượt m&agrave; mọi t&aacute;c vụ - Chip Exynos 2100 tiến tr&igrave;nh 5nm mạnh mẽ</li>\r\n</ul>', 'Samsung Galaxy S21 FE 8GB 128GB', 'Samsung Galaxy S21 FE 8GB 128GB'),
	(20, 'OPPO Reno7 4G (8GB - 128GB)', 1, 2, '/storage/images_product/o2EXh9R2Cw_combo_product_-_orange_-_reno7_4g.webp', 5000000, 19000000, 109, 26, '<h2>ĐẶC ĐIỂM NỔI BẬT</h2>\r\n\r\n<ul>\r\n	<li>M&agrave;n h&igrave;nh chất lượng, thoả sức kh&aacute;m ph&aacute; v&agrave; giải tr&iacute; - 6.43 inches, AMOLED, Full HD+</li>\r\n	<li>Camera chất lượng với cảm biến thế hệ mới - Cụm 3 camera 64 MP, đa dạng chế độ chụp</li>\r\n	<li>Chiến game ổn định nhờ con chip mạnh mẽ - Snapdragon&trade; 680, RAM 8GB</li>\r\n	<li>Kh&ocirc;ng lo gi&aacute;n đoạn với vi&ecirc;n pin lớn 4500 mAh, sạc nhanh SUPERVOOCTM 33W</li>\r\n</ul>', '<p>Th&ocirc;ng tin sản phẩm</p>\r\n\r\n<p>Hộp, S&aacute;ch hướng dẫn, C&acirc;y lấy sim, Ốp lưng, C&aacute;p Type C, Củ sạc nhanh rời đầu Type A</p>\r\n\r\n<p>Bảo h&agrave;nh 12 th&aacute;ng tại trung t&acirc;m bảo h&agrave;nh Ch&iacute;nh h&atilde;ng. 1 đổi 1 trong 30 ng&agrave;y nếu c&oacute; lỗi phần cứng từ nh&agrave; sản xuất.&nbsp;<a href="https://cellphones.com.vn/chinh-sach-bao-hanh" target="_blank">(xem chi tiết)</a></p>\r\n\r\n<p>Gi&aacute; sản phẩm đ&atilde; bao gồm VAT</p>', 'OPPO Reno7 4G (8GB - 128GB)', 'OPPO Reno7 4G (8GB - 128GB)'),
	(21, 'OPPO Reno10 128GB', 1, 2, '/storage/images_product/sUUAJwtWwp_reno10_5g_-_combo_product_-_blue_4.webp', 9440000, 9440000, 1, 0, '<h2>ĐẶC ĐIỂM NỔI BẬT</h2>\r\n\r\n<ul>\r\n	<li>Chuy&ecirc;n gia ch&acirc;n dung thế hệ thứ 10 - Camera ch&acirc;n dung 32MP si&ecirc;u n&eacute;t, chụp xa từ 2X-5X kh&ocirc;ng lo biến dạng khung h&igrave;nh</li>\r\n	<li>Thiết kế nổi bật, dẫn đầu xu hướng - Cạnh viền cong 3D, c&aacute;c phi&ecirc;n bản m&agrave;u sắc ph&ugrave; hợp đa c&aacute; t&iacute;nh, thu h&uacute;t mọi &aacute;nh nh&igrave;n</li>\r\n	<li>Đa nhiệm mạnh mẽ hơn ai hết - RAM mở rộng, ROM 128GB mang đến trải nghiệm đa t&aacute;c vụ thoải m&aacute;i</li>\r\n	<li>Pin bất tận, sạc si&ecirc;u tốc - pin 5000mAh v&agrave; sạc nhanh 67W c&ugrave;ng chế độ tiết kiệm pin si&ecirc;u tiện &iacute;ch</li>\r\n</ul>', '<p>Th&ocirc;ng tin sản phẩm</p>\r\n\r\n<p>Mới, đầy đủ phụ kiện từ nh&agrave; sản xuất</p>\r\n\r\n<p>Hộp, S&aacute;ch hướng dẫn, C&acirc;y lấy sim, Ốp lưng, C&aacute;p Type C, Củ sạc nhanh rời đầu Type A</p>\r\n\r\n<p>Bảo h&agrave;nh 12 th&aacute;ng tại trung t&acirc;m bảo h&agrave;nh Ch&iacute;nh h&atilde;ng. 1 đổi 1 trong 30 ng&agrave;y nếu c&oacute; lỗi phần cứng từ nh&agrave; sản xuất.&nbsp;<a href="https://cellphones.com.vn/chinh-sach-bao-hanh" target="_blank">(xem chi tiết)</a></p>\r\n\r\n<p>Gi&aacute; sản phẩm đ&atilde; bao gồm VAT</p>', 'OPPO Reno10 128GB', 'OPPO Reno10 128GB');

-- Dumping structure for table doan.requirement
CREATE TABLE IF NOT EXISTS `requirement` (
  `id` bigint(20) unsigned NOT NULL AUTO_INCREMENT,
  `requirement_name` varchar(50) NOT NULL,
  `requirement_email` varchar(50) NOT NULL,
  `requirement_title` varchar(255) NOT NULL,
  `requirement_value` text NOT NULL,
  `requirement_active` int(11) NOT NULL,
  `created_at` timestamp NULL DEFAULT NULL,
  `updated_at` timestamp NULL DEFAULT NULL,
  PRIMARY KEY (`id`)
) ENGINE=InnoDB AUTO_INCREMENT=3 DEFAULT CHARSET=utf8mb4 COLLATE=utf8mb4_unicode_ci;

-- Dumping data for table doan.requirement: ~1 rows (approximately)
REPLACE INTO `requirement` (`id`, `requirement_name`, `requirement_email`, `requirement_title`, `requirement_value`, `requirement_active`, `created_at`, `updated_at`) VALUES
	(2, 'Nguyễn văn luật', 'hoai@gmail.com', '123', '123', 2, '2023-11-06 19:54:02', '2023-11-06 19:54:18');

-- Dumping structure for table doan.ships
CREATE TABLE IF NOT EXISTS `ships` (
  `ship_id` int(10) unsigned NOT NULL AUTO_INCREMENT,
  `city_id` int(11) NOT NULL,
  `district_id` int(11) NOT NULL,
  `ship_price` int(11) NOT NULL,
  `created_at` timestamp NULL DEFAULT NULL,
  `updated_at` timestamp NULL DEFAULT NULL,
  PRIMARY KEY (`ship_id`)
) ENGINE=InnoDB AUTO_INCREMENT=4 DEFAULT CHARSET=utf8mb4 COLLATE=utf8mb4_unicode_ci;

-- Dumping data for table doan.ships: ~3 rows (approximately)
REPLACE INTO `ships` (`ship_id`, `city_id`, `district_id`, `ship_price`, `created_at`, `updated_at`) VALUES
	(1, 2, 26, 15000, '2023-09-14 02:48:39', '2023-09-14 02:48:39'),
	(2, 1, 1, 123123, '2023-12-06 01:48:38', '2023-12-06 01:48:38'),
	(3, 74, 718, 500000, '2023-12-27 20:31:22', '2023-12-27 20:31:22');

-- Dumping structure for table doan.slide
CREATE TABLE IF NOT EXISTS `slide` (
  `id` bigint(20) unsigned NOT NULL AUTO_INCREMENT,
  `slide_title` varchar(100) NOT NULL,
  `image` varchar(255) DEFAULT NULL,
  `target` varchar(255) DEFAULT NULL,
  `active` int(11) NOT NULL,
  `type` int(11) NOT NULL,
  `created_at` timestamp NULL DEFAULT NULL,
  `updated_at` timestamp NULL DEFAULT NULL,
  PRIMARY KEY (`id`)
) ENGINE=InnoDB AUTO_INCREMENT=7 DEFAULT CHARSET=utf8mb4 COLLATE=utf8mb4_unicode_ci;

-- Dumping data for table doan.slide: ~1 rows (approximately)
REPLACE INTO `slide` (`id`, `slide_title`, `image`, `target`, `active`, `type`, `created_at`, `updated_at`) VALUES
	(4, 'VH STORE', '/storage/images_slide/aUI9GczWAQ_Grey 3D Online Store Facebook Cover .png', 'VH STORE', 1, 2, '2023-09-12 01:57:56', '2023-12-07 00:21:51');

-- Dumping structure for table doan.users
CREATE TABLE IF NOT EXISTS `users` (
  `user_id` int(11) NOT NULL AUTO_INCREMENT,
  `user_name` varchar(20) NOT NULL,
  `user_email` varchar(30) DEFAULT NULL,
  `password` varchar(255) DEFAULT NULL,
  `user_phone` varchar(10) DEFAULT NULL,
  `user_addres` varchar(255) DEFAULT NULL,
  `user_district` int(11) DEFAULT NULL,
  `user_city` int(11) DEFAULT NULL,
  `provider` varchar(255) DEFAULT NULL,
  `provider_id` varchar(255) DEFAULT NULL,
  `role_id` int(11) NOT NULL,
  `created_at` timestamp NULL DEFAULT NULL,
  `updated_at` timestamp NULL DEFAULT NULL,
  PRIMARY KEY (`user_id`),
  UNIQUE KEY `users_user_email_unique` (`user_email`)
) ENGINE=InnoDB AUTO_INCREMENT=33 DEFAULT CHARSET=utf8mb4 COLLATE=utf8mb4_unicode_ci;

-- Dumping data for table doan.users: ~4 rows (approximately)
REPLACE INTO `users` (`user_id`, `user_name`, `user_email`, `password`, `user_phone`, `user_addres`, `user_district`, `user_city`, `provider`, `provider_id`, `role_id`, `created_at`, `updated_at`) VALUES
	(29, 'hoài nguyễn', 'admin@gmail.com', '$2a$12$rcl9yJrYiJuNIU52cRx0xuQXUWyNSyWys5ovK/GS6t1EzpZiegPhS', '1656913023', 'số 6', 1, 1, 'google', '111728890153778564639', 1, '2023-09-12 19:58:02', '2023-12-27 23:43:53'),
	(30, 'hoai nguyen', 'user@gmail.com', '$2a$12$rcl9yJrYiJuNIU52cRx0xuQXUWyNSyWys5ovK/GS6t1EzpZiegPhS', NULL, NULL, NULL, NULL, 'google', '107097509859044751922', 2, '2023-09-12 20:51:29', '2023-12-24 19:43:20'),
	(31, 'hoài nguyễn văn', 'hoai1@gmail.com', '$2y$10$17bO1TPjD/KviQa7DcIVKO5dpL2VrFfoW4moX3p2KoeApUR26mBga', NULL, NULL, NULL, NULL, NULL, NULL, 3, '2023-10-29 20:24:40', '2023-10-29 20:24:40'),
	(32, 'hoài nguyễn văn', 'hoai8eqt@gmail.com', NULL, '0935430805', 'số 6, trần văn ơn', 718, 74, 'google', '117048664891324227546', 3, '2023-11-01 21:03:41', '2023-12-27 20:30:33'),
	(33, 'hoai nguyen', 'hoainguyend19@gmail.com', NULL, '0935430805', 'Ái tử', 469, 45, 'google', '113117973699103357139', 3, '2023-12-27 23:56:17', '2023-12-27 23:57:04'),
	(34, 'Duy Phạm', 'phamhuuduy6055@gmail.com', NULL, '0935430805', 'Ái tử', 1, 1, 'google', '116646844161276052598', 3, '2023-12-28 01:16:52', '2023-12-28 01:17:14');

-- Dumping structure for table doan.wishlist
CREATE TABLE IF NOT EXISTS `wishlist` (
  `wishlist_id` bigint(20) unsigned NOT NULL AUTO_INCREMENT,
  `product_id` int(11) NOT NULL,
  `user_id` int(11) NOT NULL,
  PRIMARY KEY (`wishlist_id`),
  KEY `wishlist_user_id_foreign` (`user_id`),
  KEY `wishlist_product_id_foreign` (`product_id`),
  CONSTRAINT `wishlist_product_id_foreign` FOREIGN KEY (`product_id`) REFERENCES `products` (`product_id`) ON DELETE CASCADE,
  CONSTRAINT `wishlist_user_id_foreign` FOREIGN KEY (`user_id`) REFERENCES `users` (`user_id`) ON DELETE CASCADE
) ENGINE=InnoDB AUTO_INCREMENT=9 DEFAULT CHARSET=utf8mb4 COLLATE=utf8mb4_unicode_ci;

-- Dumping data for table doan.wishlist: ~7 rows (approximately)
REPLACE INTO `wishlist` (`wishlist_id`, `product_id`, `user_id`) VALUES
	(2, 2, 29),
	(3, 2, 32),
	(4, 3, 32),
	(5, 16, 29),
	(6, 11, 29),
	(7, 19, 29),
	(8, 20, 29);

/*!40103 SET TIME_ZONE=IFNULL(@OLD_TIME_ZONE, 'system') */;
/*!40101 SET SQL_MODE=IFNULL(@OLD_SQL_MODE, '') */;
/*!40014 SET FOREIGN_KEY_CHECKS=IFNULL(@OLD_FOREIGN_KEY_CHECKS, 1) */;
/*!40101 SET CHARACTER_SET_CLIENT=@OLD_CHARACTER_SET_CLIENT */;
/*!40111 SET SQL_NOTES=IFNULL(@OLD_SQL_NOTES, 1) */;
